entry_id,source_id,title,firm,listed_url,resolved_url,file_id,status,reason
B01-01,B01,Emerging Generative AI Use Cases in Credit,McKinsey,https://iacpm.org/wp-content/uploads/2025/03/IACPM-McKinsey-Gen-AI-Webinar-2025.pdf,https://iacpm.org/wp-content/uploads/2025/03/IACPM-McKinsey-Gen-AI-Webinar-2025.pdf,,permission_required,PDF states internal use only and use without specific permission of McKinsey is strictly prohibited.
B02-01,B02,Bain presentation hosted by IABC Chicago,Bain,https://www.chicago.iabc.com/wp-content/uploads/2019/10/Bain-Presentation-Deck.pdf,https://www.chicago.iabc.com/wp-content/uploads/2019/10/Bain-Presentation-Deck.pdf,dl_1b05bc5053002b43,duplicate,sha256 exact match: files/unknown_firm/engaging_your_organization_to_deliver_results_2019_1b05bc5053.pdf
B03-01,B03,Board of the Future,Bain,https://www.bain.com/contentassets/88ae8242ec8a4b38847e2eaba562ad38/231110-board-of-the-future-_final.pdf,https://www.bain.com/contentassets/88ae8242ec8a4b38847e2eaba562ad38/231110-board-of-the-future-_final.pdf,B03-b8dca186feb4,downloaded,
B04-01,B04,Unlocking GBS Potential: The Transformative Power of AI,Deloitte,https://deloitte.co.uk/sharedservicesconference/assets/pdf/deloitte-uk-ssc2025-presentation-deloitte-ai.pdf,https://deloitte.co.uk/sharedservicesconference/assets/pdf/deloitte-uk-ssc2025-presentation-deloitte-ai.pdf,B04-bf066a2d4aaa,downloaded,
B05-01,B05,Beyond the Headlines from Deloitte's Economists,Deloitte,https://deloitte.co.uk/sharedservicesconference/assets/pdf/deloitte-uk-ssc2025-presentation-deloitte-economics.pdf,https://deloitte.co.uk/sharedservicesconference/assets/pdf/deloitte-uk-ssc2025-presentation-deloitte-economics.pdf,B05-512c85114655,downloaded,
B06-01,B06,Finance 2025 Revisited,Deloitte,https://nor.deloitte.com/rs/712-CNF-326/images/Crunchtime-finance-2025-revisited-presentation_Norway.pdf,https://nor.deloitte.com/rs/712-CNF-326/images/Crunchtime-finance-2025-revisited-presentation_Norway.pdf,B06-a4bd50c62cd5,downloaded,
B07-01,B07,Deloitte–NEMA National Risk Study 2025,Deloitte,https://nemaweb.org/wp-content/uploads/2025/11/National-Risk-Study-Presentation.pdf,https://nemaweb.org/wp-content/uploads/2025/11/National-Risk-Study-Presentation.pdf,B07-7f495f2d0a99,downloaded,
B08-01,B08,PwC treasury presentation,PwC,https://cdn.prod.website-files.com/67bca1bf8744a6a2d7811b35/68265e64645741f70d1da9c8_PwC%20Presentation.pdf,https://cdn.prod.website-files.com/67bca1bf8744a6a2d7811b35/68265e64645741f70d1da9c8_PwC%20Presentation.pdf,B08-d8e800d3640b,downloaded,
C05-30JUN-01,C05-30JUN,Are you ready for 30 June 2025 reporting?,KPMG,https://assets.kpmg.com/content/dam/kpmgsites/au/pdf/2025/30-june-2025-reporting-webinar-presentation-slides.pdf.coredownload.inline.pdf,https://assets.kpmg.com/content/dam/kpmgsites/au/pdf/2025/30-june-2025-reporting-webinar-presentation-slides.pdf.coredownload.inline.pdf,C05-30JUN-632b42ad1833,downloaded,
C05-31DEC-01,C05-31DEC,Are you ready for 31 December 2025 reporting?,KPMG,https://assets.kpmg.com/content/dam/kpmgsites/au/pdf/2025/31-december-2025-reporting-webinar-presentation-slides.pdf.coredownload.inline.pdf,https://assets.kpmg.com/content/dam/kpmgsites/au/pdf/2025/31-december-2025-reporting-webinar-presentation-slides.pdf.coredownload.inline.pdf,C05-31DEC-31d3284c61d5,downloaded,
C05-AVIATION-01,C05-AVIATION,Global Aviation Conference Final Presentation,KPMG,https://kpmg.com/content/dam/kpmgsites/xx/pdf/2025/09/global-aviation-conference-final-presentation.pdf.coredownload.inline.pdf,https://kpmg.com/content/dam/kpmgsites/xx/pdf/2025/09/global-aviation-conference-final-presentation.pdf.coredownload.inline.pdf,C05-AVIATION-79d006f4c357,downloaded,
C04-PFIZER-01,C04-PFIZER,The Pfizer Hub Formula: Transactional to Transformational,Pfizer,https://www.deloitte.co.uk/sharedservicesconference/assets/pdf/deloitte-uk-ssc2025-presentation-pfizer.pdf,https://www.deloitte.co.uk/sharedservicesconference/assets/pdf/deloitte-uk-ssc2025-presentation-pfizer.pdf,C04-PFIZER-5b4c76f04c6d,downloaded,
C04-HSE-01,C04-HSE,A New Era for Irish Healthcare: HSE Shared Services,HSE,https://www.deloitte.co.uk/sharedservicesconference/assets/pdf/deloitte-uk-ssc2025-presentation-hse.pdf,https://www.deloitte.co.uk/sharedservicesconference/assets/pdf/deloitte-uk-ssc2025-presentation-hse.pdf,C04-HSE-7cbbb992884b,downloaded,
C04-META-01,C04-META,Pioneering AI-Driven Finance at Meta,Meta,https://www.deloitte.co.uk/sharedservicesconference/assets/pdf/deloitte-uk-ssc2025-presentation-meta.pdf,https://www.deloitte.co.uk/sharedservicesconference/assets/pdf/deloitte-uk-ssc2025-presentation-meta.pdf,C04-META-a34373ec1cbe,downloaded,
C04-BAKKAVOR-01,C04-BAKKAVOR,Bakkavor conference presentation,Bakkavor,https://www.deloitte.co.uk/sharedservicesconference/assets/pdf/deloitte-uk-ssc2025-presentation-bakkavor.pdf,https://www.deloitte.co.uk/sharedservicesconference/assets/pdf/deloitte-uk-ssc2025-presentation-bakkavor.pdf,C04-BAKKAVOR-e7b3eaff79c3,downloaded,
C07-BCG-01,C07-BCG,BCG Executive Perspectives: Guide to Cost and Growth,BCG,https://www.bcg.com/assets/2025/executive-perspectives-guide-to-cost-and-growth-15jan.pdf,https://www.bcg.com/assets/2025/executive-perspectives-guide-to-cost-and-growth-15jan.pdf,C07-BCG-6234791eaa8e,downloaded,
