file_id,source_id,title,firm,attribution_evidence,publication_year,year_evidence,language,document_type,source_page_url,requested_url,final_url,accessed_at_utc,local_path,format,mime_type,size_bytes,sha256,page_or_slide_count,editable_original,validation_status,dataset_split,dataset_configuration,rights_status,license_name,license_url,rights_evidence
B03-b8dca186feb4,B03,Board of the Future,Bain,Official Bain host; no reuse licence verified.,,not established,ja,presentation,https://www.bain.com/contentassets/88ae8242ec8a4b38847e2eaba562ad38/231110-board-of-the-future-_final.pdf,https://www.bain.com/contentassets/88ae8242ec8a4b38847e2eaba562ad38/231110-board-of-the-future-_final.pdf,https://www.bain.com/contentassets/88ae8242ec8a4b38847e2eaba562ad38/231110-board-of-the-future-_final.pdf,2026-10-02T20:02:18+00:00,consulting_corpus/files/bain/b03_board_of_the_future.pdf,PDF,application/pdf,4785018,b8dca186feb4b5f02864a0f634b678c7dd6e2329938ef7a2203146661133ff23,18,no,validated,,,unknown,,,Official Bain host; no reuse licence verified.
B04-bf066a2d4aaa,B04,Unlocking GBS Potential: The Transformative Power of AI,Deloitte,Deloitte conference PDF; no reuse licence verified.,,not established,en,presentation,https://deloitte.co.uk/sharedservicesconference/assets/pdf/deloitte-uk-ssc2025-presentation-deloitte-ai.pdf,https://deloitte.co.uk/sharedservicesconference/assets/pdf/deloitte-uk-ssc2025-presentation-deloitte-ai.pdf,https://deloitte.co.uk/sharedservicesconference/assets/pdf/deloitte-uk-ssc2025-presentation-deloitte-ai.pdf,2026-10-02T20:02:28+00:00,consulting_corpus/files/deloitte/b04_unlocking_gbs_potential_the_transformative_power_of_ai.pdf,PDF,application/pdf,1597893,bf066a2d4aaa59e16bd17ec9b3caef31d75b0b19bb9570cc2a1b3dc448853853,27,no,validated,,,unknown,,,Deloitte conference PDF; no reuse licence verified.
B05-512c85114655,B05,Beyond the Headlines from Deloitte's Economists,Deloitte,Deloitte conference PDF; no reuse licence verified.,2025,2025 stated in title/first-page text or official event source,en,presentation,https://deloitte.co.uk/sharedservicesconference/assets/pdf/deloitte-uk-ssc2025-presentation-deloitte-economics.pdf,https://deloitte.co.uk/sharedservicesconference/assets/pdf/deloitte-uk-ssc2025-presentation-deloitte-economics.pdf,https://deloitte.co.uk/sharedservicesconference/assets/pdf/deloitte-uk-ssc2025-presentation-deloitte-economics.pdf,2026-10-02T20:02:32+00:00,consulting_corpus/files/deloitte/b05_beyond_the_headlines_from_deloitte_s_economists.pdf,PDF,application/pdf,635523,512c8511465548117e37850db5b4bdaeda02e9a409dce9a21f481b8ea256d9aa,7,no,validated,,,unknown,,,Deloitte conference PDF; no reuse licence verified.
B06-a4bd50c62cd5,B06,Finance 2025 Revisited,Deloitte,"Deloitte-hosted presentation PDF; 2025 appears in title/horizon, publication date not inferred.",,not established,en,presentation,https://nor.deloitte.com/rs/712-CNF-326/images/Crunchtime-finance-2025-revisited-presentation_Norway.pdf,https://nor.deloitte.com/rs/712-CNF-326/images/Crunchtime-finance-2025-revisited-presentation_Norway.pdf,https://nor.deloitte.com/rs/712-CNF-326/images/Crunchtime-finance-2025-revisited-presentation_Norway.pdf,2026-10-02T20:02:34+00:00,consulting_corpus/files/deloitte/b06_finance_2025_revisited.pdf,PDF,application/pdf,1704085,a4bd50c62cd5b74b2aceb38cdf7814415d7edf7d6d012f8e9ed1819d3f1dc2b2,25,no,validated,,,unknown,,,"Deloitte-hosted presentation PDF; 2025 appears in title/horizon, publication date not inferred."
B07-7f495f2d0a99,B07,Deloitte–NEMA National Risk Study 2025,Deloitte,NEMA-hosted presentation; attribution/year to verify in PDF.,2025,2025 stated in title/first-page text or official event source,en,presentation,https://nemaweb.org/wp-content/uploads/2025/11/National-Risk-Study-Presentation.pdf,https://nemaweb.org/wp-content/uploads/2025/11/National-Risk-Study-Presentation.pdf,https://nemaweb.org/wp-content/uploads/2025/11/National-Risk-Study-Presentation.pdf,2026-10-02T20:02:37+00:00,consulting_corpus/files/deloitte/b07_deloitte_nema_national_risk_study_2025.pdf,PDF,application/pdf,2893186,7f495f2d0a99ac457e79a3f8fc73572a3266f58eeacfcff3f1425d8ad2cf2623,19,no,validated,,,unknown,,,NEMA-hosted presentation; attribution/year to verify in PDF.
B08-d8e800d3640b,B08,PwC treasury presentation,PwC,Public PDF; title and date to verify in PDF.,2025,2025 stated in title/first-page text or official event source,en,presentation,https://cdn.prod.website-files.com/67bca1bf8744a6a2d7811b35/68265e64645741f70d1da9c8_PwC%20Presentation.pdf,https://cdn.prod.website-files.com/67bca1bf8744a6a2d7811b35/68265e64645741f70d1da9c8_PwC%20Presentation.pdf,https://cdn.prod.website-files.com/67bca1bf8744a6a2d7811b35/68265e64645741f70d1da9c8_PwC%20Presentation.pdf,2026-10-02T20:02:38+00:00,consulting_corpus/files/pwc/b08_pwc_treasury_presentation.pdf,PDF,application/pdf,707922,d8e800d3640bbe0dc03e4a4bc2098f2ce82e1e5153a1a8dd9863f40eced01fff,26,no,validated,,,unknown,,,Public PDF; title and date to verify in PDF.
C05-30JUN-632b42ad1833,C05-30JUN,Are you ready for 30 June 2025 reporting?,KPMG,KPMG marks the PDF Document Classification: KPMG Public; all rights reserved.,2025,Date printed on first page,en,presentation,https://kpmg.com/au/en/insights/financial-reporting/accounting-reporting-webinars/30-june-2025-financial-reporting-guidance.html,https://assets.kpmg.com/content/dam/kpmgsites/au/pdf/2025/30-june-2025-reporting-webinar-presentation-slides.pdf.coredownload.inline.pdf,https://assets.kpmg.com/content/dam/kpmgsites/au/pdf/2025/30-june-2025-reporting-webinar-presentation-slides.pdf.coredownload.inline.pdf,2026-10-02T20:08:50+00:00,consulting_corpus/files/kpmg/c05_30jun_are_you_ready_for_30_june_2025_reporting.pdf,PDF,application/pdf,4752667,632b42ad18335df54e36b4e17b057831e4d31cd2eee9437378775c53ae7d1e98,56,no,validated,,,unknown,,,KPMG marks the PDF Document Classification: KPMG Public; all rights reserved.
C05-31DEC-31d3284c61d5,C05-31DEC,Are you ready for 31 December 2025 reporting?,KPMG,KPMG marks the PDF Document Classification: KPMG Public; all rights reserved.,2025,Date printed on first page,en,presentation,https://kpmg.com/au/en/insights/financial-reporting/accounting-reporting-webinars/financial-reporting-31-december-webinar.html,https://assets.kpmg.com/content/dam/kpmgsites/au/pdf/2025/31-december-2025-reporting-webinar-presentation-slides.pdf.coredownload.inline.pdf,https://assets.kpmg.com/content/dam/kpmgsites/au/pdf/2025/31-december-2025-reporting-webinar-presentation-slides.pdf.coredownload.inline.pdf,2026-10-02T20:08:52+00:00,consulting_corpus/files/kpmg/c05_31dec_are_you_ready_for_31_december_2025_reporting.pdf,PDF,application/pdf,3754722,31d3284c61d59db8c35e44d0c5e74b1d6488cb1cadab9344bed8808fbffa95cc,55,no,validated,,,unknown,,,KPMG marks the PDF Document Classification: KPMG Public; all rights reserved.
C05-AVIATION-79d006f4c357,C05-AVIATION,Global Aviation Conference Final Presentation,KPMG,Linked from the official KPMG conference page; use rights not separately stated.,2025,2025 stated in title/first-page text or official event source,en,presentation,https://kpmg.com/xx/en/what-we-do/industries/infrastructure/global-aviation-conference.html,https://kpmg.com/content/dam/kpmgsites/xx/pdf/2025/09/global-aviation-conference-final-presentation.pdf.coredownload.inline.pdf,https://assets.kpmg.com/content/dam/kpmgsites/xx/pdf/2025/09/global-aviation-conference-final-presentation.pdf.coredownload.inline.pdf,2026-10-02T20:08:54+00:00,consulting_corpus/files/kpmg/c05_aviation_global_aviation_conference_final_presentation.pdf,PDF,application/pdf,6415479,79d006f4c357830044e39264b610266314794197e785eeca3177b979e2f3be52,93,no,validated,,,unknown,,,Linked from the official KPMG conference page; use rights not separately stated.
C04-PFIZER-5b4c76f04c6d,C04-PFIZER,The Pfizer Hub Formula: Transactional to Transformational,Pfizer,Publicly linked by Deloitte conference highlights; speaker is Pfizer; reuse rights not verified.,2025,Official 2025 conference page links this PDF; speaker and title checked in PDF,en,presentation,https://www.deloitte.co.uk/sharedservicesconference/highlights/,https://www.deloitte.co.uk/sharedservicesconference/assets/pdf/deloitte-uk-ssc2025-presentation-pfizer.pdf,https://www.deloitte.co.uk/sharedservicesconference/assets/pdf/deloitte-uk-ssc2025-presentation-pfizer.pdf,2026-10-02T20:08:56+00:00,consulting_corpus/files/pfizer/c04_pfizer_the_pfizer_hub_formula_transactional_to_transformational.pdf,PDF,application/pdf,507340,5b4c76f04c6d918a9e204dc22a28ed084a0b1212cbfa983e39c4ee8928198571,9,no,validated,,,unknown,,,Publicly linked by Deloitte conference highlights; speaker is Pfizer; reuse rights not verified.
C04-HSE-7cbbb992884b,C04-HSE,A New Era for Irish Healthcare: HSE Shared Services,HSE,Publicly linked by Deloitte conference highlights; speaker is HSE; reuse rights not verified.,2025,Official 2025 conference page links this PDF; speaker and title checked in PDF,en,presentation,https://www.deloitte.co.uk/sharedservicesconference/highlights/,https://www.deloitte.co.uk/sharedservicesconference/assets/pdf/deloitte-uk-ssc2025-presentation-hse.pdf,https://www.deloitte.co.uk/sharedservicesconference/assets/pdf/deloitte-uk-ssc2025-presentation-hse.pdf,2026-10-02T20:09:09+00:00,consulting_corpus/files/hse/c04_hse_a_new_era_for_irish_healthcare_hse_shared_services.pdf,PDF,application/pdf,5465358,7cbbb992884b29116d26926073e48002999eb31156de5439290e37dbf2fb2b0a,15,no,validated,,,unknown,,,Publicly linked by Deloitte conference highlights; speaker is HSE; reuse rights not verified.
C04-META-a34373ec1cbe,C04-META,Pioneering AI-Driven Finance at Meta,Meta,Publicly linked by Deloitte conference highlights; speaker is Meta; reuse rights not verified.,2025,Copyright and conference year printed in slide text,en,presentation,https://www.deloitte.co.uk/sharedservicesconference/highlights/,https://www.deloitte.co.uk/sharedservicesconference/assets/pdf/deloitte-uk-ssc2025-presentation-meta.pdf,https://www.deloitte.co.uk/sharedservicesconference/assets/pdf/deloitte-uk-ssc2025-presentation-meta.pdf,2026-10-02T20:09:11+00:00,consulting_corpus/files/meta/c04_meta_pioneering_ai_driven_finance_at_meta.pdf,PDF,application/pdf,981889,a34373ec1cbe47eeec1797e35c2a0a8e7b6b5119b044d84933df50a7fafefc14,10,no,validated,,,unknown,,,Publicly linked by Deloitte conference highlights; speaker is Meta; reuse rights not verified.
C04-BAKKAVOR-e7b3eaff79c3,C04-BAKKAVOR,Bakkavor conference presentation,Bakkavor,Publicly linked by Deloitte conference highlights; speaker is Bakkavor; reuse rights not verified.,2025,Official 2025 conference page links this PDF; speaker and title checked in PDF,en,presentation,https://www.deloitte.co.uk/sharedservicesconference/highlights/,https://www.deloitte.co.uk/sharedservicesconference/assets/pdf/deloitte-uk-ssc2025-presentation-bakkavor.pdf,https://www.deloitte.co.uk/sharedservicesconference/assets/pdf/deloitte-uk-ssc2025-presentation-bakkavor.pdf,2026-10-02T20:09:18+00:00,consulting_corpus/files/bakkavor/c04_bakkavor_bakkavor_conference_presentation.pdf,PDF,application/pdf,3621571,e7b3eaff79c33a25b18a41fd3858879eef8389a40b5c224c27c8f22e0a51af17,12,no,validated,,,unknown,,,Publicly linked by Deloitte conference highlights; speaker is Bakkavor; reuse rights not verified.
C07-BCG-6234791eaa8e,C07-BCG,BCG Executive Perspectives: Guide to Cost and Growth,BCG,"Official BCG presentation PDF; copyright 2025, all rights reserved; no reuse licence verified.",,not established,en,presentation,https://www.bcg.com/assets/2025/executive-perspectives-guide-to-cost-and-growth-15jan.pdf,https://www.bcg.com/assets/2025/executive-perspectives-guide-to-cost-and-growth-15jan.pdf,https://www.bcg.com/assets/2025/executive-perspectives-guide-to-cost-and-growth-15jan.pdf,2026-10-02T20:31:34+00:00,consulting_corpus/files/bcg/c07_bcg_bcg_executive_perspectives_guide_to_cost_and_growth.pdf,PDF,application/pdf,1337745,6234791eaa8ebe48099193fb9a493496c9420482d8e3c77657306730230fda64,24,no,validated,,,unknown,,,"Official BCG presentation PDF; copyright 2025, all rights reserved; no reuse licence verified."
