source_id,name,category,seed_url,official_url,revision,accessed_at_utc,advertised_count,discovered_count,pagination_complete,estimated_size_bytes,downloaded_size_bytes,status,license_name,license_url,rights_evidence,missing_components
B01,Emerging Generative AI Use Cases in Credit,presentation_pdf,https://iacpm.org/wp-content/uploads/2025/03/IACPM-McKinsey-Gen-AI-Webinar-2025.pdf,https://iacpm.org/wp-content/uploads/2025/03/IACPM-McKinsey-Gen-AI-Webinar-2025.pdf,,2026-10-02T20:02:13+00:00,,1,,,,permission_required,,,PDF states internal use only and use without specific permission of McKinsey is strictly prohibited.,
B02,Bain presentation hosted by IABC Chicago,presentation_pdf,https://www.chicago.iabc.com/,https://www.chicago.iabc.com/wp-content/uploads/2019/10/Bain-Presentation-Deck.pdf,,2026-10-02T20:08:44+00:00,,1,,,,duplicate,,,Public file hosted by IABC Chicago; no reuse licence verified.,
B03,Board of the Future,presentation_pdf,https://www.bain.com/contentassets/88ae8242ec8a4b38847e2eaba562ad38/231110-board-of-the-future-_final.pdf,https://www.bain.com/contentassets/88ae8242ec8a4b38847e2eaba562ad38/231110-board-of-the-future-_final.pdf,,2026-10-02T20:02:16+00:00,,1,,,4785018,downloaded,,,Official Bain host; no reuse licence verified.,
B04,Unlocking GBS Potential: The Transformative Power of AI,presentation_pdf,https://deloitte.co.uk/sharedservicesconference/assets/pdf/deloitte-uk-ssc2025-presentation-deloitte-ai.pdf,https://deloitte.co.uk/sharedservicesconference/assets/pdf/deloitte-uk-ssc2025-presentation-deloitte-ai.pdf,,2026-10-02T20:02:18+00:00,,1,,,1597893,downloaded,,,Deloitte conference PDF; no reuse licence verified.,
B05,Beyond the Headlines from Deloitte's Economists,presentation_pdf,https://deloitte.co.uk/sharedservicesconference/assets/pdf/deloitte-uk-ssc2025-presentation-deloitte-economics.pdf,https://deloitte.co.uk/sharedservicesconference/assets/pdf/deloitte-uk-ssc2025-presentation-deloitte-economics.pdf,,2026-10-02T20:02:28+00:00,,1,,,635523,downloaded,,,Deloitte conference PDF; no reuse licence verified.,
B06,Finance 2025 Revisited,presentation_pdf,https://nor.deloitte.com/rs/712-CNF-326/images/Crunchtime-finance-2025-revisited-presentation_Norway.pdf,https://nor.deloitte.com/rs/712-CNF-326/images/Crunchtime-finance-2025-revisited-presentation_Norway.pdf,,2026-10-02T20:02:32+00:00,,1,,,1704085,downloaded,,,"Deloitte-hosted presentation PDF; 2025 appears in title/horizon, publication date not inferred.",
B07,Deloitte–NEMA National Risk Study 2025,presentation_pdf,https://nemaweb.org/wp-content/uploads/2025/11/National-Risk-Study-Presentation.pdf,https://nemaweb.org/wp-content/uploads/2025/11/National-Risk-Study-Presentation.pdf,,2026-10-02T20:02:34+00:00,,1,,,2893186,downloaded,,,NEMA-hosted presentation; attribution/year to verify in PDF.,
B08,PwC treasury presentation,presentation_pdf,https://cdn.prod.website-files.com/67bca1bf8744a6a2d7811b35/68265e64645741f70d1da9c8_PwC%20Presentation.pdf,https://cdn.prod.website-files.com/67bca1bf8744a6a2d7811b35/68265e64645741f70d1da9c8_PwC%20Presentation.pdf,,2026-10-02T20:02:37+00:00,,1,,,707922,downloaded,,,Public PDF; title and date to verify in PDF.,
C05-30JUN,Are you ready for 30 June 2025 reporting?,presentation_pdf,https://kpmg.com/au/en/insights/financial-reporting/accounting-reporting-webinars/30-june-2025-financial-reporting-guidance.html,https://assets.kpmg.com/content/dam/kpmgsites/au/pdf/2025/30-june-2025-reporting-webinar-presentation-slides.pdf.coredownload.inline.pdf,,2026-10-02T20:08:48+00:00,,1,,,4752667,downloaded,,,KPMG marks the PDF Document Classification: KPMG Public; all rights reserved.,
C05-31DEC,Are you ready for 31 December 2025 reporting?,presentation_pdf,https://kpmg.com/au/en/insights/financial-reporting/accounting-reporting-webinars/financial-reporting-31-december-webinar.html,https://assets.kpmg.com/content/dam/kpmgsites/au/pdf/2025/31-december-2025-reporting-webinar-presentation-slides.pdf.coredownload.inline.pdf,,2026-10-02T20:08:50+00:00,,1,,,3754722,downloaded,,,KPMG marks the PDF Document Classification: KPMG Public; all rights reserved.,
C05-AVIATION,Global Aviation Conference Final Presentation,presentation_pdf,https://kpmg.com/xx/en/what-we-do/industries/infrastructure/global-aviation-conference.html,https://kpmg.com/content/dam/kpmgsites/xx/pdf/2025/09/global-aviation-conference-final-presentation.pdf.coredownload.inline.pdf,,2026-10-02T20:08:52+00:00,,1,,,6415479,downloaded,,,Linked from the official KPMG conference page; use rights not separately stated.,
C04-PFIZER,The Pfizer Hub Formula: Transactional to Transformational,presentation_pdf,https://www.deloitte.co.uk/sharedservicesconference/highlights/,https://www.deloitte.co.uk/sharedservicesconference/assets/pdf/deloitte-uk-ssc2025-presentation-pfizer.pdf,,2026-10-02T20:08:54+00:00,,1,,,507340,downloaded,,,Publicly linked by Deloitte conference highlights; speaker is Pfizer; reuse rights not verified.,
C04-HSE,A New Era for Irish Healthcare: HSE Shared Services,presentation_pdf,https://www.deloitte.co.uk/sharedservicesconference/highlights/,https://www.deloitte.co.uk/sharedservicesconference/assets/pdf/deloitte-uk-ssc2025-presentation-hse.pdf,,2026-10-02T20:08:56+00:00,,1,,,5465358,downloaded,,,Publicly linked by Deloitte conference highlights; speaker is HSE; reuse rights not verified.,
C04-META,Pioneering AI-Driven Finance at Meta,presentation_pdf,https://www.deloitte.co.uk/sharedservicesconference/highlights/,https://www.deloitte.co.uk/sharedservicesconference/assets/pdf/deloitte-uk-ssc2025-presentation-meta.pdf,,2026-10-02T20:09:09+00:00,,1,,,981889,downloaded,,,Publicly linked by Deloitte conference highlights; speaker is Meta; reuse rights not verified.,
C04-BAKKAVOR,Bakkavor conference presentation,presentation_pdf,https://www.deloitte.co.uk/sharedservicesconference/highlights/,https://www.deloitte.co.uk/sharedservicesconference/assets/pdf/deloitte-uk-ssc2025-presentation-bakkavor.pdf,,2026-10-02T20:09:11+00:00,,1,,,3621571,downloaded,,,Publicly linked by Deloitte conference highlights; speaker is Bakkavor; reuse rights not verified.,
C07-BCG,BCG Executive Perspectives: Guide to Cost and Growth,presentation_pdf,https://www.bcg.com/assets/2025/executive-perspectives-guide-to-cost-and-growth-15jan.pdf,https://www.bcg.com/assets/2025/executive-perspectives-guide-to-cost-and-growth-15jan.pdf,,2026-10-02T20:30:53+00:00,,1,,,1337745,downloaded,,,"Official BCG presentation PDF; copyright 2025, all rights reserved; no reuse licence verified.",
