duplicate_entry_id,canonical_file_id,sha256,source_url
8da219cea6ff96c3,dl_a3329096a2480b27,a3329096a2480b27202220c655a9a76c496e07aedf640116d7f5d426c6f0207d,https://about.usps.com/future-postal-service/mckinsey-usps-future-bus-model2.pdf
85eaedeb77545afe,dl_9f83e2208d79a6c4,9f83e2208d79a6c4a1084f0a0373f165e1fa1303ab747bd741d84786c1cf1ff2,https://www.hhs.gov/sites/default/files/Azimi_McKinsey_Vaccine_Innovation_Findings-remediated.pdf
26cf11513fab44ab,dl_a63294fe2fb6bc8e,a63294fe2fb6bc8e8f0289685199ac3b3d6ce2392756def287f460fdaa2b922a,https://worldmaterialsforum.com/files/downloads/5-Rare_20Raw_20Material_20Issues.pdf
3ca327e196f1ab2b,dl_a153804684314f79,a153804684314f79825eb822af3bb839484943de4feb8bc127e053a23c2ac48f,https://www.bundesgesundheitsministerium.de/fileadmin/Dateien/3_Downloads/P/Patientensicherheit/WS3-2017/01_WS3_Henke_20170328_Using_AI_to_prevent_healthcare_errors_from_occuring.pdf
cd1c2d0a1a4e0882,dl_df3744c7748e5c92,df3744c7748e5c929a062279ff86ddaf9c3b1eeb0672f593b43e44b67c31fc71,https://piu.org.pl/public/upload/ibrowser/III%20Kongres%20prezentacje/2014.05.04%20Polish%20Insurance%20Association%20-%20final.pdf
1bab1bc849ecbcbc,dl_00071f1c024d002a,00071f1c024d002a9b05725a962ab08f7593db96778a17948665515013b2de64,https://worldmaterialsforum.com/files/Presentations2017/PlenarySession1/WMF2017-McKinsey-Franck-Bekeart.pdf
8c149c32e57db7e9,dl_ec2b099a3840f9df,ec2b099a3840f9dff37476bf71b6a12ee4c912b06b83cd02209771a33ca17930,https://www.cisco.com/assets/sol/dc/iot_and_big_data.pdf
a416c4a87acdfda4,dl_a0076e637f3f5d70,a0076e637f3f5d700e29ba7471a8bf8d70c39302058d7531c7dc66356ff92d28,https://www.mckinsey.com/~/media/mckinsey/business%20functions/mckinsey%20digital/our%20insights/the%20top%20trends%20in%20tech%202022/mckinsey-tech-trends-outlook-2022-full-report.pdf
52c4fe7554056550,dl_c6f334d4c34ba964,c6f334d4c34ba964540b7db1a76b2e54b111c95afd39392a8455a2efd006fec2,https://www.mckinsey.com/~/media/mckinsey/business%20functions/strategy%20and%20corporate%20finance/our%20insights/global%20economics%20intelligence%20executive%20summary%20april%202023/gei-global-summary-april-2023.pdf
8d02804227d1edb2,dl_df4a9e04f0e5f6e0,df4a9e04f0e5f6e04ce8b712ae6e9971d8a6cff31513258feaf40490e0563a5c,https://www.worldbank.org/content/dam/Worldbank/document/Extractives/Mining%20Indaba%202014/Reversing%20the%20Curse%20McKinsey%20presentation%20(Conflict%20and%20fragile%20states).pdf
2476ddc60aff8ccf,dl_37932959fdf7e03a,37932959fdf7e03ae8cfe1c5138b1ea784a54a6ff2895a845e857f0677dc3a82,https://icrier.org/pdf/mgi_poverty_v2.pdf
c056b77cb35b5306,dl_11bb688d833fb2f6,11bb688d833fb2f668b8bec7ed3cdfccc03872dd850ad5d4d1ab331ac912fc13,https://www.un.org/esa/ffd/wp-content/uploads/2014/11/gc-Presentation_Manyika_10Nov14.pdf
ec4f0f72a2ae9f8d,dl_337f0a9a047e7cb2,337f0a9a047e7cb2b19f6997f74126e465feec75916d0c73a43bef63db580184,http://static2.snowfire.io/accounts/14796/files/219.pdf?t=o4z026
94c7aca0d88a2a27,dl_b9e4aa74e06ec2fb,b9e4aa74e06ec2fb335bc17fbebc35f3a4bd39053f703d5e2af29e740b959a60,https://www.hewlett.org/wp-content/uploads/2016/08/The%20Open%20Educational%20Resources%20Ecosystem.pdf
eb5b55203190c7ca,dl_6a820bcf7a2c4810,6a820bcf7a2c481007ed7b3f88bc4e4e07bdacb5520c7a9e19e673f7ecb1ca3f,https://www.nyc.gov/assets/nycha/downloads/pdf/BCG-report-NYCHA-Key-Findings-and-Recommendations-8-15-12vFinal.pdf
1065374ff72c7be1,dl_41c49c3447565978,41c49c3447565978ef32ea1f3532cad2160d10491b895b61785bf481c1459321,https://www.nyc.gov/html/film/downloads/pdf/Media_in_NYC_2012.pdf
c412df02af0f5fe3,dl_14a02c7150ab2533,14a02c7150ab253363f70e8cef15f690b6eb652c3d8c01efba3c3e7fc8b52c36,http://www.forskasverige.se/wp-content/uploads/Value-Based-Health-Care.pdf
67c6f5ca2e10d6c4,dl_155e8c2451750595,155e8c2451750595115bf0893aa9692ec0986f4b414899aac6a5de7136b09d25,https://www.zdruzenje-manager.si/assets/Uploads/PPT-Jim-Hemerling.pptx
9f2800c62e10e3a5,dl_4b2948011bc6961e,4b2948011bc6961ec6f2cb679923fb7fc6c07f19e7cb4b397e570d97f4100d34,https://www.ipsos.com/sites/default/files/ct/news/documents/2019-09/bcg_theendofmanagement.pdf
63243fa8202179ba,dl_82416a0d09db1731,82416a0d09db1731b29391ee5a2f5c2d4417d085b2f7f74cb0fc0665b896e20f,https://news.syr.edu/wp-content/uploads/2017/04/Innovation-and-Opportunities-Assessment-Report-April-2014.pdf
ea72a4aa21da1716,dl_987da9a10c05c794,987da9a10c05c79437422e45389ffa0f43366aabd64f99d0deb837ca0e80585d,https://www.bain.com/globalassets/about/2023-global-pe-report---roadshow-deck.pdf
28d30ddc2fd2184a,dl_38d7388149171a6f,38d7388149171a6f009ec0035d95938c1409cf946a8a14f34c2f648289a7f654,https://amcham.dk/wp-content/uploads/2021/04/20200412-Resilience-AmCham-presentation-vSHARED.pdf
60cd1e1e0ebaf249,dl_f78f96cada67629b,f78f96cada67629b30ccccd7e29564dcc8cd02b4abbfcad80bf1d4953df048a1,https://media.bain.com/Images/2011%20Bain%20China%20Luxury%20Market%20Study.pdf
5fe1ee36860696c1,dl_1b05bc5053002b43,1b05bc5053002b43ddef08fc780df6bfc49009933549b813aafa8762e5bacab1,https://chicago.iabc.com/wp-content/uploads/2019/10/Bain-Presentation-Deck.pdf
43ddb61de3e9cc84,dl_a3329096a2480b27,a3329096a2480b27202220c655a9a76c496e07aedf640116d7f5d426c6f0207d,https://about.usps.com/future-postal-service/mckinsey-usps-future-bus-model2.pdf
B02-01,dl_1b05bc5053002b43,1b05bc5053002b43ddef08fc780df6bfc49009933549b813aafa8762e5bacab1,https://www.chicago.iabc.com/wp-content/uploads/2019/10/Bain-Presentation-Deck.pdf
C04-ECO,B05-512c85114655,512c8511465548117e37850db5b4bdaeda02e9a409dce9a21f481b8ea256d9aa,https://deloitte.co.uk/sharedservicesconference/assets/pdf/deloitte-uk-ssc2025-presentation-deloitte-economics.pdf
C04-AI,B04-bf066a2d4aaa,bf066a2d4aaa59e16bd17ec9b3caef31d75b0b19bb9570cc2a1b3dc448853853,https://deloitte.co.uk/sharedservicesconference/assets/pdf/deloitte-uk-ssc2025-presentation-deloitte-ai.pdf
D02-DUP-c693279643b8cd5d,META-29e86c244cf4,29e86c244cf47f773d9a7f6cc47f78bfee4c02c41723c029b9e26bff94ad2bd2,https://github.com/zhuohaouw/SlideAudit/blob/642d490b7c1d2e78a50a631bfd359433397f3ecf/LICENSE
D02-DUP-b335630551682c19,META-3ab6fad3b043,3ab6fad3b043210a9805f9b276a02272e79b560293514194a3ca350cfac7a0eb,https://github.com/zhuohaouw/SlideAudit/blob/642d490b7c1d2e78a50a631bfd359433397f3ecf/README.md
D02-DUP-513901023734a513,META-4d071f434f16,4d071f434f16d5a22cfd8cb6ae881e265d1ed6d24f9b7b6f2acce0f995f7284b,https://github.com/zhuohaouw/SlideAudit/blob/642d490b7c1d2e78a50a631bfd359433397f3ecf/data/images/slide_0318.png
D02-DUP-28f5173011957eab,META-857b87f9d09f,857b87f9d09fc886814f9e0586b9f15b4bbf20067f658cf33fcceae50c764565,https://github.com/zhuohaouw/SlideAudit/blob/642d490b7c1d2e78a50a631bfd359433397f3ecf/data/images/slide_0401.png
D02-DUP-8046a08c9bf49bf1,META-4d02b1a3a8de,4d02b1a3a8de5e53ae8ea504a61ae94386635161c2fc47042bb23a665229eea7,https://github.com/zhuohaouw/SlideAudit/blob/642d490b7c1d2e78a50a631bfd359433397f3ecf/data/images/slide_0458.png
D02-DUP-c49331e8ecbb81f9,META-7b90c2c54d72,7b90c2c54d726fe0ba8fef0fe774c1658c4eae8332e56e0538cdecd6f5098f33,https://github.com/zhuohaouw/SlideAudit/blob/642d490b7c1d2e78a50a631bfd359433397f3ecf/data/images/slide_0459.png
D02-DUP-02fbf2b8a991e8cb,META-d2334e3b1e44,d2334e3b1e444a0bdb84414708b8987f5f950825121e0f4f441ba0dcf5ba29b4,https://github.com/zhuohaouw/SlideAudit/blob/642d490b7c1d2e78a50a631bfd359433397f3ecf/data/images/slide_0518.png
D02-DUP-359df4f8217e6e69,META-c0a5ae337531,c0a5ae33753119684ab573692b5cf9dc5e4a8415ec4a102b66f574e94f5ad1b6,https://github.com/zhuohaouw/SlideAudit/blob/642d490b7c1d2e78a50a631bfd359433397f3ecf/data/images/slide_0626.png
D02-DUP-dc81690d09b58e2d,META-b0447361f827,b0447361f8270883f1392bfa2b90326585a908f57b06279ea46f988bbafebcdf,https://github.com/zhuohaouw/SlideAudit/blob/642d490b7c1d2e78a50a631bfd359433397f3ecf/data/images/slide_0642.png
D02-DUP-a86f507588e4a1eb,META-c7bd4a4d092e,c7bd4a4d092eb1ebdfef5f315f94f528212826f265e9f70f63aeb6524e8bdcee,https://github.com/zhuohaouw/SlideAudit/blob/642d490b7c1d2e78a50a631bfd359433397f3ecf/data/images/slide_0697.png
D02-DUP-0396664d0f79205b,META-0bd964806c41,0bd964806c41a04322e730205b4ac81b418be59c1ce30950d42f63167b869200,https://github.com/zhuohaouw/SlideAudit/blob/642d490b7c1d2e78a50a631bfd359433397f3ecf/data/images/slide_0705.png
D02-DUP-465aa124dbedaaea,META-0658d3dfcd1c,0658d3dfcd1c56f2012171cd0ad8d10767b581afe19f5302c70b5648181304d5,https://github.com/zhuohaouw/SlideAudit/blob/642d490b7c1d2e78a50a631bfd359433397f3ecf/data/images/slide_0718.png
D02-DUP-2e3b433b09780fb2,META-fc42f3cda97d,fc42f3cda97d3d4185c2dc8f45f9c455bcae69df81c0e55aa0a96bff779ef621,https://github.com/zhuohaouw/SlideAudit/blob/642d490b7c1d2e78a50a631bfd359433397f3ecf/data/images/slide_0736.png
D02-DUP-3615d1683509ff1b,META-88554cd93c4b,88554cd93c4b3c858924733013c8b9ea8df0814bdeb872d266bb5b4fc984591b,https://github.com/zhuohaouw/SlideAudit/blob/642d490b7c1d2e78a50a631bfd359433397f3ecf/data/images/slide_0810.png
D02-DUP-6b8a17d1772dc095,META-928d1e306402,928d1e306402c3ef56d140326032f24b5dbb594416871362bc715c21a609cf52,https://github.com/zhuohaouw/SlideAudit/blob/642d490b7c1d2e78a50a631bfd359433397f3ecf/data/images/slide_0817.png
D02-DUP-76501efb0a106a31,META-05abb017b232,05abb017b232fa5a32536eb63d3354262cfee06b2dce3253345a549e33d55ddb,https://github.com/zhuohaouw/SlideAudit/blob/642d490b7c1d2e78a50a631bfd359433397f3ecf/data/images/slide_0854.png
D02-DUP-25c944087550767f,META-603de2ab308f,603de2ab308ff87311f7be592ccb91f26aa801128ee6aa1ef18689cda396cd30,https://github.com/zhuohaouw/SlideAudit/blob/642d490b7c1d2e78a50a631bfd359433397f3ecf/data/images/slide_0898.png
D02-DUP-6b0fc2207f61f287,META-6bfd1b1a92a1,6bfd1b1a92a1c4891307a6feb82f148c89d8432771edb0d7aa271ff60b4457d1,https://github.com/zhuohaouw/SlideAudit/blob/642d490b7c1d2e78a50a631bfd359433397f3ecf/data/images/slide_0905.png
D02-DUP-74f3c7c5a2175b40,META-9b8508ec00b4,9b8508ec00b43e47210f76b805416afa04b7f69da0e4ba41022f6a8a638425d7,https://github.com/zhuohaouw/SlideAudit/blob/642d490b7c1d2e78a50a631bfd359433397f3ecf/data/images/slide_0930.png
D02-DUP-e4c13e16b181664e,META-928d1e306402,928d1e306402c3ef56d140326032f24b5dbb594416871362bc715c21a609cf52,https://github.com/zhuohaouw/SlideAudit/blob/642d490b7c1d2e78a50a631bfd359433397f3ecf/data/images/slide_0946.png
D02-DUP-ec8531a33504e62b,META-1d1eaf41fc45,1d1eaf41fc45cb29257cd5fa39c140b9b4e995962a5c06d056be131ea6bd5aac,https://github.com/zhuohaouw/SlideAudit/blob/642d490b7c1d2e78a50a631bfd359433397f3ecf/data/images/slide_0951.png
D02-DUP-0e8e7ef9f934dfc9,META-06c52aad5a4c,06c52aad5a4c8bc7fb24f36f940d8cd513902cf3a9fff97c88276908b0afa381,https://github.com/zhuohaouw/SlideAudit/blob/642d490b7c1d2e78a50a631bfd359433397f3ecf/data/images/slide_1108.png
D02-DUP-05dd10365fad01ca,META-fd48f5b8cfe2,fd48f5b8cfe212e9c648076962d6ceb69dfdf213a698fcf4500b3d4d885abe59,https://github.com/zhuohaouw/SlideAudit/blob/642d490b7c1d2e78a50a631bfd359433397f3ecf/data/images/slide_1201.png
D02-DUP-4fd50a5456a2e6c3,META-7a40d5d3c8a6,7a40d5d3c8a6cd98e3d6c8686c4aee97acbc83c9c7a7b9c08d5642103ff0ac13,https://github.com/zhuohaouw/SlideAudit/blob/642d490b7c1d2e78a50a631bfd359433397f3ecf/data/images/slide_1204.png
D02-DUP-8a3ec9ff3b63be1b,META-04945b75a616,04945b75a616aa71dd4fe39cf92ce78f481ea2007139ef6827c049154b919930,https://github.com/zhuohaouw/SlideAudit/blob/642d490b7c1d2e78a50a631bfd359433397f3ecf/data/images/slide_1210.png
D02-DUP-f09cc5ce93213d6e,META-d9ca31bd1ef7,d9ca31bd1ef73695595e8149231cdd612c8585cb404078ae3770bc3174815390,https://github.com/zhuohaouw/SlideAudit/blob/642d490b7c1d2e78a50a631bfd359433397f3ecf/data/images/slide_1236.png
D02-DUP-39e050c72d43ce97,META-86298469627d,86298469627d3324203a40c3a02abb7ec26114ff6ef313557083504ff0b699ee,https://github.com/zhuohaouw/SlideAudit/blob/642d490b7c1d2e78a50a631bfd359433397f3ecf/data/images/slide_1273.png
D02-DUP-64eb8cf8420fee39,META-2b9529ef8ddd,2b9529ef8ddd5de48750809cbb7db34a9541fc8ec6ea0f6891f447576ac60aff,https://github.com/zhuohaouw/SlideAudit/blob/642d490b7c1d2e78a50a631bfd359433397f3ecf/data/images/slide_1287.png
D02-DUP-006f2c4bee326557,META-8c7f4a9a2a42,8c7f4a9a2a426581cdc7bbcd3d8a6bb5627ac92da14896ace14b5ba340755d05,https://github.com/zhuohaouw/SlideAudit/blob/642d490b7c1d2e78a50a631bfd359433397f3ecf/data/images/slide_1301.png
D02-DUP-d7c946047302ecee,META-49c9aec3f599,49c9aec3f59977997e1eb0d0511722906ddfb08847fd5c1d2c71f942ed09f85a,https://github.com/zhuohaouw/SlideAudit/blob/642d490b7c1d2e78a50a631bfd359433397f3ecf/data/images/slide_1354.png
D02-DUP-90af9de7a64daaef,META-0efe86038463,0efe86038463bc9f64d1cf6cb8c325ec0345c8db3e6f6ecd1e08fca489ae1305,https://github.com/zhuohaouw/SlideAudit/blob/642d490b7c1d2e78a50a631bfd359433397f3ecf/data/images/slide_1467.png
D02-DUP-5c24c3b1fbafd210,META-077e69cf5144,077e69cf5144a803c804c99102edc1a6227667a58f3fa86d2860e752eb8836d9,https://github.com/zhuohaouw/SlideAudit/blob/642d490b7c1d2e78a50a631bfd359433397f3ecf/data/images/slide_1469.png
D02-DUP-1849d46a14137dd5,META-aab0e42bd295,aab0e42bd295c04a41bec530781bebc3d8eea34ea37d9b6c0a060c87b20ccd88,https://github.com/zhuohaouw/SlideAudit/blob/642d490b7c1d2e78a50a631bfd359433397f3ecf/data/images/slide_1470.png
D02-DUP-e1c4ba50a7121db7,META-f31374b567bd,f31374b567bdff7c2fb8690cf24effed792a1f79263076b169cd6eada88825e2,https://github.com/zhuohaouw/SlideAudit/blob/642d490b7c1d2e78a50a631bfd359433397f3ecf/data/images/slide_1488.png
D02-DUP-db18b15dc0c292b8,META-a8f3e9d65e4f,a8f3e9d65e4f6a41e6a0d5b9a3cea9f57bf15eb0137cf73c43f174223329d0ac,https://github.com/zhuohaouw/SlideAudit/blob/642d490b7c1d2e78a50a631bfd359433397f3ecf/data/images/slide_1520.png
D02-DUP-a36566ff836c46b9,META-6b11167439a2,6b11167439a29c464af3ba6191158514de94108370dd88def2ad9bdc1a6fdd36,https://github.com/zhuohaouw/SlideAudit/blob/642d490b7c1d2e78a50a631bfd359433397f3ecf/data/images/slide_1537.png
D02-DUP-714a0ab5f6a6d564,META-0a4fcaeb45d9,0a4fcaeb45d9ff978d8f9c7a4fcd548de83b1c6fef02e9646f79b1971c450681,https://github.com/zhuohaouw/SlideAudit/blob/642d490b7c1d2e78a50a631bfd359433397f3ecf/data/images/slide_1551.png
D02-DUP-930bd5c092db09b8,META-10ba45633167,10ba456331672f473c8f1acbb6cbad53af2017d057be380394f9b38826ab326a,https://github.com/zhuohaouw/SlideAudit/blob/642d490b7c1d2e78a50a631bfd359433397f3ecf/data/images/slide_1608.png
D02-DUP-3f5f8c7714e60778,META-ea18b95395c3,ea18b95395c33c1696da84f1c8097c5fd1f9192b9846fad71c54c374546e76c0,https://github.com/zhuohaouw/SlideAudit/blob/642d490b7c1d2e78a50a631bfd359433397f3ecf/data/images/slide_1615.png
D02-DUP-46a7e2d9747d5088,META-89a9e308dba8,89a9e308dba860ed87761a61eea2da48ae2d6782a1d8606adbd6336d21f28a53,https://github.com/zhuohaouw/SlideAudit/blob/642d490b7c1d2e78a50a631bfd359433397f3ecf/data/images/slide_1626.png
D02-DUP-bf17e18231fe61c4,META-91869718ffb5,91869718ffb5658b3c22bc21244c5b1a4db21c6f4ecab01a72bc4ac3d8fbbf59,https://github.com/zhuohaouw/SlideAudit/blob/642d490b7c1d2e78a50a631bfd359433397f3ecf/data/images/slide_1665.png
D02-DUP-c078d53bc29f0489,META-e926ec949ec1,e926ec949ec18f2245891684e3b08b561baac9a83dd108ecc54acefb30fc4267,https://github.com/zhuohaouw/SlideAudit/blob/642d490b7c1d2e78a50a631bfd359433397f3ecf/data/images/slide_1667.png
D02-DUP-34700c4aab684f9d,META-a5cc9c94e5d7,a5cc9c94e5d715c898d08f4b96e0e17a375d9ae4f1a09376dd5717269a93ed65,https://github.com/zhuohaouw/SlideAudit/blob/642d490b7c1d2e78a50a631bfd359433397f3ecf/data/images/slide_1673.png
D02-DUP-d9cf65769e725504,META-b8479024b971,b8479024b97184b2e939210f2f17f0baf5ac34be17a483e7f3ba6d2c27eaee2a,https://github.com/zhuohaouw/SlideAudit/blob/642d490b7c1d2e78a50a631bfd359433397f3ecf/data/images/slide_1678.png
D02-DUP-cba82ef1d6c48289,META-4ff7c0a111dd,4ff7c0a111ddd271503d2ac232d4d55c843ea044872203274569306f341abd8a,https://github.com/zhuohaouw/SlideAudit/blob/642d490b7c1d2e78a50a631bfd359433397f3ecf/data/images/slide_1684.png
D02-DUP-d592b323d854a521,META-a5029bd8bc24,a5029bd8bc24ef1f062ef66f3c423537dbabd3bfed8411d05ba0a9950a6cb622,https://github.com/zhuohaouw/SlideAudit/blob/642d490b7c1d2e78a50a631bfd359433397f3ecf/data/images/slide_1688.png
D02-DUP-09a43805aa9973c1,META-0046a29b1f82,0046a29b1f8207bc8159ec7d989f168b97c3040d42f846da7fdd95cdd5a6f345,https://github.com/zhuohaouw/SlideAudit/blob/642d490b7c1d2e78a50a631bfd359433397f3ecf/data/images/slide_1719.png
D02-DUP-6774674ea647b84d,META-c8f80425a289,c8f80425a289115a9d73b0876c8aa04df6a7be37a766a3c153a637e1d50badf9,https://github.com/zhuohaouw/SlideAudit/blob/642d490b7c1d2e78a50a631bfd359433397f3ecf/data/images/slide_1721.png
D02-DUP-00ba99b63ed49463,META-d687a261b305,d687a261b305aaba8eba6e2e40dd0be9fe75bf98eafb8c88d0c4aee290f8e71c,https://github.com/zhuohaouw/SlideAudit/blob/642d490b7c1d2e78a50a631bfd359433397f3ecf/data/images/slide_1742.png
D02-DUP-1ac22689063908f7,META-c1b066250d32,c1b066250d32f5b358f44faa07ead85820f790fc1df3e779599df22148104abe,https://github.com/zhuohaouw/SlideAudit/blob/642d490b7c1d2e78a50a631bfd359433397f3ecf/data/images/slide_1755.png
D02-DUP-62a3e724696d7b80,META-bcd60926506c,bcd60926506c908f6972106c1d509bfd0410549ac081b78b65f7afe514bbc9a3,https://github.com/zhuohaouw/SlideAudit/blob/642d490b7c1d2e78a50a631bfd359433397f3ecf/data/images/slide_1785.png
D02-DUP-deb2707d8865b9a1,META-e8e36393eb13,e8e36393eb13421e2fcac68f5194c784a86d5407470afc302a49faf673447c42,https://github.com/zhuohaouw/SlideAudit/blob/642d490b7c1d2e78a50a631bfd359433397f3ecf/data/images/slide_1810.png
D02-DUP-007d69674b22b436,META-aa48a8b3fe14,aa48a8b3fe149b8d06aac8e0519a1ee584c43c053e706497fad3dd1db9e8caeb,https://github.com/zhuohaouw/SlideAudit/blob/642d490b7c1d2e78a50a631bfd359433397f3ecf/data/images/slide_1828.png
D02-DUP-dba3f6b7d4dcdb07,META-31ec65e50aa2,31ec65e50aa298d7ffb1d40abf9a2a154928507ae975d17e85c7c3d33df96230,https://github.com/zhuohaouw/SlideAudit/blob/642d490b7c1d2e78a50a631bfd359433397f3ecf/data/images/slide_1852.png
D02-DUP-fc54a071174ef4d6,META-112f10c0a0f4,112f10c0a0f454efa9ad85a3d9265b701bb36c20dc86d395aad852dbc4e19b9a,https://github.com/zhuohaouw/SlideAudit/blob/642d490b7c1d2e78a50a631bfd359433397f3ecf/data/images/slide_1893.png
D02-DUP-d4e458b437a20f50,META-72e9752b2d88,72e9752b2d880b03a01d32f32a44e63ba8faf96514c9f7bcd863d4236eb542d2,https://github.com/zhuohaouw/SlideAudit/blob/642d490b7c1d2e78a50a631bfd359433397f3ecf/data/images/slide_1899.png
D02-DUP-1aa9cb4a5f815582,META-dae7d4e29257,dae7d4e292573eceb9fd60188ca847438446196acac257d226c69186cc7b9833,https://github.com/zhuohaouw/SlideAudit/blob/642d490b7c1d2e78a50a631bfd359433397f3ecf/data/images/slide_1909.png
D02-DUP-68f07d4b1c4fd704,META-3ea4f508d816,3ea4f508d8165bf70abb456366e0a7ba25e3acec857cbc913746f4c1d5df86c5,https://github.com/zhuohaouw/SlideAudit/blob/642d490b7c1d2e78a50a631bfd359433397f3ecf/data/images/slide_1946.png
D02-DUP-708496265c6c5996,META-71bc2d3a36c5,71bc2d3a36c519d5407546935f9ec6fb83767bac0c4636d304bb38ffb20c7733,https://github.com/zhuohaouw/SlideAudit/blob/642d490b7c1d2e78a50a631bfd359433397f3ecf/data/images/slide_1989.png
D02-DUP-dce23c060ae720c4,META-ea18b95395c3,ea18b95395c33c1696da84f1c8097c5fd1f9192b9846fad71c54c374546e76c0,https://github.com/zhuohaouw/SlideAudit/blob/642d490b7c1d2e78a50a631bfd359433397f3ecf/data/images/slide_1996.png
D02-DUP-14f8c766eb73e3ed,META-be4efe3be149,be4efe3be149f4bdce614a67e1a824a3003182aa427f40914645ea4247e3131d,https://github.com/zhuohaouw/SlideAudit/blob/642d490b7c1d2e78a50a631bfd359433397f3ecf/data/images/slide_2036.png
D02-DUP-69ddb1e1b09e9abd,META-d21ea6f22c96,d21ea6f22c96d98a2c9942e7a611cbc20c99481b995b82aae17f0be0471f23ab,https://github.com/zhuohaouw/SlideAudit/blob/642d490b7c1d2e78a50a631bfd359433397f3ecf/data/images/slide_2064.png
D02-DUP-3de3559f40eec79f,META-6bda357cf2b6,6bda357cf2b663c38ba420ba99345d8b7261631a7c92d31b5ad33139cf976e67,https://github.com/zhuohaouw/SlideAudit/blob/642d490b7c1d2e78a50a631bfd359433397f3ecf/data/images/slide_2087.png
D02-DUP-b5bb5068367b9ba5,META-46621f915a13,46621f915a1372d3fbed55bd5eebe92ed268c1368f5c006f8b138ea9b58c4506,https://github.com/zhuohaouw/SlideAudit/blob/642d490b7c1d2e78a50a631bfd359433397f3ecf/data/images/slide_2095.png
D02-DUP-3409f4b428fab109,META-07409cd54644,07409cd54644f9de4b29cbabdc0a479c318b6f54fa4cf0f2fba776f2e61492dc,https://github.com/zhuohaouw/SlideAudit/blob/642d490b7c1d2e78a50a631bfd359433397f3ecf/data/images/slide_2108.png
D02-DUP-0dd7a606374f2429,META-f8502af8f7fa,f8502af8f7faae79a69c2f2be0c8cb0e16f2d80b7d3cd55a959ee0151a773770,https://github.com/zhuohaouw/SlideAudit/blob/642d490b7c1d2e78a50a631bfd359433397f3ecf/data/images/slide_2115.png
D02-DUP-0307afcfaeb61ee6,META-b42386f7f6f7,b42386f7f6f76a2741bb02cb675c6594c6fa5b4d99c4e9f87066bd55299efc2a,https://github.com/zhuohaouw/SlideAudit/blob/642d490b7c1d2e78a50a631bfd359433397f3ecf/data/images/slide_2146.png
D02-DUP-68bc47702ad58fd1,META-c1598d886f8b,c1598d886f8bd86044ef29689208f6ed2d26398f7456f4c32ba9cdfabea7b667,https://github.com/zhuohaouw/SlideAudit/blob/642d490b7c1d2e78a50a631bfd359433397f3ecf/data/images/slide_2161.png
D02-DUP-b90bd282b0896b59,META-9dacb9e182ed,9dacb9e182ed38d0d611fd476bf4ccfa50ed6c97eb755940a296218346423a24,https://github.com/zhuohaouw/SlideAudit/blob/642d490b7c1d2e78a50a631bfd359433397f3ecf/data/images/slide_2165.png
D02-DUP-767d2ea68fa4de7b,META-e489c99e3e9d,e489c99e3e9df28ef5724162be2b902a11431cafd65582b3566a8076e2e60bf6,https://github.com/zhuohaouw/SlideAudit/blob/642d490b7c1d2e78a50a631bfd359433397f3ecf/data/images/slide_2190.png
D02-DUP-f6544d25d65bbbbd,META-71887ecb8ca0,71887ecb8ca00f91edee6ea6ae02eaf29caf1cfc6686df437e866f1a06419b54,https://github.com/zhuohaouw/SlideAudit/blob/642d490b7c1d2e78a50a631bfd359433397f3ecf/data/images/slide_2198.png
D02-DUP-842c14211c6056eb,META-53e507968fd3,53e507968fd34f7c2a3a4e84efff767635f08e9db09a6f41ab386eaaa39cee5d,https://github.com/zhuohaouw/SlideAudit/blob/642d490b7c1d2e78a50a631bfd359433397f3ecf/data/images/slide_2215.png
D02-DUP-ea8eefb3c5c139a7,META-fbff6560a095,fbff6560a0958c3dcae50ac0a7452f0c7b2e98d7a4809074ce7b83184c8f0948,https://github.com/zhuohaouw/SlideAudit/blob/642d490b7c1d2e78a50a631bfd359433397f3ecf/data/images/slide_2218.png
D02-DUP-9a354d934e0a3f0e,META-454ce82611c3,454ce82611c31760023e389b21bed795649d370adf223d3ec98395232d4bbfd5,https://github.com/zhuohaouw/SlideAudit/blob/642d490b7c1d2e78a50a631bfd359433397f3ecf/data/images/slide_2227.png
D02-DUP-bf5b8d38131bfe12,META-3bcdd8a60fe8,3bcdd8a60fe8f750f8807193febeebcde7993b25ff74d960c03103f8704ebf72,https://github.com/zhuohaouw/SlideAudit/blob/642d490b7c1d2e78a50a631bfd359433397f3ecf/data/images/slide_2231.png
D02-DUP-1e4befb9798ab98a,META-c222b93d5db9,c222b93d5db9ca117e4a2999337b76460c90f94e9d9ec87292df4cd5d8268362,https://github.com/zhuohaouw/SlideAudit/blob/642d490b7c1d2e78a50a631bfd359433397f3ecf/data/images/slide_2237.png
D02-DUP-7128a9e2b567f8da,META-eb003d3cc340,eb003d3cc340adff80c044b16a8ed029f6cd9967b6506d3b2f0ccad61fd29a9a,https://github.com/zhuohaouw/SlideAudit/blob/642d490b7c1d2e78a50a631bfd359433397f3ecf/data/images/slide_2265.png
D02-DUP-dafb659a13322da1,META-19ed32cebbf3,19ed32cebbf35a58c1c5aa9a88f90f5446ef558bf962b141d7d51772cee71e2a,https://github.com/zhuohaouw/SlideAudit/blob/642d490b7c1d2e78a50a631bfd359433397f3ecf/data/images/slide_2271.png
D02-DUP-bc644b6bee04fe79,META-dcdb467078a2,dcdb467078a2de18616d017ac2f12e68cf540235acba967f5aab0e9df9682d23,https://github.com/zhuohaouw/SlideAudit/blob/642d490b7c1d2e78a50a631bfd359433397f3ecf/data/images/slide_2283.png
D02-DUP-9cea75bc9da2011a,META-0032088f2cf1,0032088f2cf1520f9f73469d5cf9a8ff57285264cdc3948fc1e414fc5bbcc3e6,https://github.com/zhuohaouw/SlideAudit/blob/642d490b7c1d2e78a50a631bfd359433397f3ecf/data/images/slide_2290.png
D02-DUP-2b7bd5dbd63b47cc,META-1d9b58941865,1d9b58941865863cc14eedb7bb89a507f6f76d58a767b214445d442225427096,https://github.com/zhuohaouw/SlideAudit/blob/642d490b7c1d2e78a50a631bfd359433397f3ecf/data/images/slide_2292.png
D02-DUP-c21196156c574549,META-13be495f07d2,13be495f07d257bad9b7edbc77ce39a442d58a669390af043a13d922ffd0cafe,https://github.com/zhuohaouw/SlideAudit/blob/642d490b7c1d2e78a50a631bfd359433397f3ecf/data/images/slide_2294.png
D02-DUP-cb119f8b913d6889,META-3bca996691d2,3bca996691d25b69eebacd6b6b9811154360bf90aba1fd2048be7d63e50bbef6,https://github.com/zhuohaouw/SlideAudit/blob/642d490b7c1d2e78a50a631bfd359433397f3ecf/data/images/slide_2295.png
D02-DUP-d98fe53b50104ef2,META-896d5aab0e10,896d5aab0e10e5dfa857e1e5ee0af90f1ff6b5c12f77f86373da6c045c11ae72,https://github.com/zhuohaouw/SlideAudit/blob/642d490b7c1d2e78a50a631bfd359433397f3ecf/data/images/slide_2296.png
D02-DUP-f15be2f198a820bc,META-6a437fed079e,6a437fed079eddb70964ec7852908819ceb4b7398d0c5c480587e62bddfc2f21,https://github.com/zhuohaouw/SlideAudit/blob/642d490b7c1d2e78a50a631bfd359433397f3ecf/data/images/slide_2310.png
D02-DUP-c6148a59d221047b,META-b4fed06f36f9,b4fed06f36f9b51924fb45675cd55fc4175f5d1a2d14230b509166d21cb85365,https://github.com/zhuohaouw/SlideAudit/blob/642d490b7c1d2e78a50a631bfd359433397f3ecf/data/images/slide_2336.png
D02-DUP-1615529fb6b753c0,META-15cc8daeebb3,15cc8daeebb3e2bb83b2e2ffff5039cf653ad5c355a35ea62e79fed5b5f31494,https://github.com/zhuohaouw/SlideAudit/blob/642d490b7c1d2e78a50a631bfd359433397f3ecf/data/images/slide_2346.png
D02-DUP-2df0167b7b28117d,META-39c73af7b92b,39c73af7b92b54ce7a75c53c2804bf54ea89a624763f6e4be007ed91616c54da,https://github.com/zhuohaouw/SlideAudit/blob/642d490b7c1d2e78a50a631bfd359433397f3ecf/data/images/slide_2347.png
D02-DUP-07aafd30f618edae,META-a334646bb3a0,a334646bb3a07e2f4d9ed70ce2d1e8c3fb83e53da3a8d049d089b8774bfa01ec,https://github.com/zhuohaouw/SlideAudit/blob/642d490b7c1d2e78a50a631bfd359433397f3ecf/data/images/slide_2390.png
D02-DUP-54ddfd2f974e4a73,META-a5433b81a24a,a5433b81a24a77739c4079a592127c4953ef83190b1cd0fa064f1fcf8d6b186f,https://github.com/zhuohaouw/SlideAudit/blob/642d490b7c1d2e78a50a631bfd359433397f3ecf/data/images/slide_2399.png
D02-DUP-c3342b241c14738a,META-a54b7ab0ea81,a54b7ab0ea81c74197602e760e4b8f5253407dd02b4c8a28bc3ccd057028454d,https://github.com/zhuohaouw/SlideAudit/blob/642d490b7c1d2e78a50a631bfd359433397f3ecf/data/images/slide_2400.png
