source_id,entry_id,url_or_file,status,http_status,attempts,reason,next_action
A01,481cd287c14b8d41,https://www.arc-cleantech.com/uploads/%28Public%20Version%29%20New%20Brunswick%20Supply%20Chain%20Study%20FINAL_08022023.pdf,dead_link,404,1,http_404,manual review or source-owner access
A01,c406f473f47d7b0e,https://leads2025.nmsu.edu/pdf/NMSU-Recommendations-Report-Final.pdf,robots_disallowed,robots_disallowed,1,robots_disallowed,manual review or source-owner access
A01,d4faf3dfd16b86d4,https://www.tillsonburg.ca/media/v3gnjreo/h21cb3ub_deloitte-it-strategic-review-2014.pdf,robots_disallowed,robots_disallowed,1,robots_disallowed,manual review or source-owner access
A01,74a02949aa6d171c,https://assets.publishing.service.gov.uk/media/5a80719b40f0b623026938a6/AAR_UK_Mapping.pdf,robots_disallowed,robots_disallowed,1,robots_disallowed,manual review or source-owner access
A01,8a2e9f3925925e26,https://www.slideshare.net/slideshow/02-deloitte-sfic-2009/2313399,unresolved,no_public_document_link_within_three_hops,1,no_public_document_link_within_three_hops,manual review or source-owner access
A01,bc59fe1dc07adf2e,https://dch.georgia.gov/sites/dch.georgia.gov/files/related_files/document/Deloitte%20Oral%20Presentation-%20Redacted.pdf,access_restricted,403,1,http_403,manual review or source-owner access
A01,240a7b45a6c0d242,https://www.slideshare.net/slideshow/deloitte-bhel-rfp/90899431,unresolved,no_public_document_link_within_three_hops,1,no_public_document_link_within_three_hops,manual review or source-owner access
A01,fb77591ab7659f35,https://www.slideshare.net/slideshow/deloitte-uk-financial-services-regulatory-outlook-pdf/277578517,unresolved,no_public_document_link_within_three_hops,1,no_public_document_link_within_three_hops,manual review or source-owner access
A01,6094ad3f5f3a4186,https://www.slideshare.net/slideshow/deloitte-2024-genz-millennial-survey-pdf/269234628,unresolved,no_public_document_link_within_three_hops,1,no_public_document_link_within_three_hops,manual review or source-owner access
A01,8014c81e07a4f1e5,https://www.slideshare.net/slideshow/deloitte2023genzmillennialsurveypdf/259370644,unresolved,no_public_document_link_within_three_hops,1,no_public_document_link_within_three_hops,manual review or source-owner access
A01,7d3941fad8c9e0f9,https://www.slideshare.net/slideshow/deloitte-2023-lgbt-at-work-presentation-pdf/271199083,unresolved,no_public_document_link_within_three_hops,1,no_public_document_link_within_three_hops,manual review or source-owner access
A01,c9c6cb78185df7ad,https://www.slideshare.net/slideshow/2022deloitteglobalcxosustainabilityreportpdf/260402428,unresolved,no_public_document_link_within_three_hops,1,no_public_document_link_within_three_hops,manual review or source-owner access
A01,b19fded6a3bd989d,https://www.slideshare.net/slideshow/5-engdeloitte-mof-digital-services-2pdf/257781194,unresolved,no_public_document_link_within_three_hops,1,no_public_document_link_within_three_hops,manual review or source-owner access
A01,c321d25c343f2927,https://www.slideshare.net/slideshow/deloittenlchatbotsmovingbeyondthehypepdf/253211482,unresolved,no_public_document_link_within_three_hops,1,no_public_document_link_within_three_hops,manual review or source-owner access
A01,34b3acdf7615a8c1,https://www.slideshare.net/slideshow/tmt-outlook-2017-a-new-wave-of-advances-offer-opportunities-and-challenges/71973412,unresolved,no_public_document_link_within_three_hops,1,no_public_document_link_within_three_hops,manual review or source-owner access
A01,8cf91eae89bc166b,https://www.slideshare.net/slideshow/making-retail-a-preferred-employment-choice-in-the-digital-world-deloitte/72268611,unresolved,no_public_document_link_within_three_hops,1,no_public_document_link_within_three_hops,manual review or source-owner access
A01,b642ef5704c65bf7,https://www.slideshare.net/slideshow/deloitte-holiday-survey/109485957,unresolved,no_public_document_link_within_three_hops,1,no_public_document_link_within_three_hops,manual review or source-owner access
A01,ed2847d527cfb21c,https://www.slideshare.net/slideshow/deloitte-canberra-region-sme-surveypdf/267241590,unresolved,no_public_document_link_within_three_hops,1,no_public_document_link_within_three_hops,manual review or source-owner access
A01,ff9c6a3da4da6d0b,https://www.slideshare.net/slideshow/in-hcdeloitteindiaannualcompensationtrendssurveyreportfy2016noexp/59628072,unresolved,no_public_document_link_within_three_hops,1,no_public_document_link_within_three_hops,manual review or source-owner access
A01,d591b15826623b6f,https://www.slideshare.net/slideshow/deloitte-global-economic-outlook-2015/50141475,unresolved,no_public_document_link_within_three_hops,1,no_public_document_link_within_three_hops,manual review or source-owner access
A01,9902d2f58b1a43a2,https://www.slideshare.net/slideshow/deloitte-software-as-a-service-deloitte-seminar/3163490,unresolved,no_public_document_link_within_three_hops,1,no_public_document_link_within_three_hops,manual review or source-owner access
A01,4fd8329894c9cd40,https://www.slideshare.net/slideshow/iam-methods-2-0-presentation-michael-nielsen/41345116,unresolved,no_public_document_link_within_three_hops,1,no_public_document_link_within_three_hops,manual review or source-owner access
A01,5e724fb11f01d329,https://www.slideshare.net/slideshow/deloitte-a-framework-for-process-mining-projects/278737743,unresolved,no_public_document_link_within_three_hops,1,no_public_document_link_within_three_hops,manual review or source-owner access
A01,b44d819b2a3ebd0a,https://www.slideshare.net/slideshow/deloitte-proseminar-presentation-09172013-26505773/26505773,unresolved,no_public_document_link_within_three_hops,1,no_public_document_link_within_three_hops,manual review or source-owner access
A01,4d21b2d60bd97d4e,https://www.slideshare.net/slideshow/deloitte-07-08-june-2012-presentation-material/48591930,unresolved,no_public_document_link_within_three_hops,1,no_public_document_link_within_three_hops,manual review or source-owner access
A01,fd86e35b3a71864f,https://www.slideshare.net/slideshow/deloitte-canada-consulting-practice/12801312,unresolved,no_public_document_link_within_three_hops,1,no_public_document_link_within_three_hops,manual review or source-owner access
A01,1ab1ac598bfadace,https://assets.kpmg.com/content/dam/kpmgsites/xx/pdf/2024/04/ai-in-financial-reporting-and-audit-web.pdf.coredownload.inline.pdf,validation_failed,200,1,encrypted,exclude from corpus
A01,3915981581c122da,https://assets.kpmg.com/content/dam/kpmg/fi/pdf/2024/10/fi-global-tech-report-2024.pdf,dead_link,404,1,http_404,manual review or source-owner access
A01,a58df3dde6383348,https://kpmg.com/kpmg-us/content/dam/kpmg/pdf/2024/venture-pulse-q3-2024.pdf,validation_failed,200,1,encrypted,exclude from corpus
A01,230b70eec218b111,https://assets.kpmg.com/content/dam/kpmg/xx/pdf/2024/03/our-impact-plan.pdf,validation_failed,200,1,encrypted,exclude from corpus
A01,6374d7704a1cd3cc,https://assets.kpmg.com/content/dam/kpmg/xx/pdf/2023/04/our-impact-plan.pdf,validation_failed,200,1,encrypted,exclude from corpus
A01,8dc8aa0ba251fe53,https://assets.kpmg.com/content/dam/kpmg/xx/pdf/2022/03/our-impact-plan.pdf,validation_failed,200,1,encrypted,exclude from corpus
A01,5dfcaf53404e6d62,https://assets.kpmg.com/content/dam/kpmg/xx/pdf/2023/06/familiar-challenges-new-solutions.pdf,validation_failed,200,1,encrypted,exclude from corpus
A01,6b04f75e69960835,https://assets.kpmg.com/content/dam/kpmg/se/pdf/komm/2022/Global-Survey-of-Sustainability-Reporting-2022.pdf,dead_link,404,1,http_404,manual review or source-owner access
A01,15039e8102b1b08e,https://assets.kpmg.com/content/dam/kpmg/br/pdf/2022/3/Global_assignment.pdf,dead_link,404,1,http_404,manual review or source-owner access
A01,f8939635a5480d81,https://assets.kpmg.com/content/dam/kpmg/xx/pdf/2022/09/kpmg-global-tech-report-2022.pdf,validation_failed,200,1,encrypted,exclude from corpus
A01,d5fccc8ad69ac91d,https://assets.kpmg.com/content/dam/kpmg/xx/pdf/2022/10/ceo-outlook-report.pdf,validation_failed,200,1,encrypted,exclude from corpus
A01,061eed68bfb44d5f,https://assets.kpmg.com/content/dam/kpmgsites/cn/pdf/en/2021/01/14th-five-year-plan-industry-impact-outlook.pdf,validation_failed,200,1,encrypted,exclude from corpus
A01,13b48be565b7b2d5,https://assets.kpmg.com/content/dam/kpmg/xx/pdf/2021/08/pulse-of-fintech-h1.pdf,validation_failed,200,1,encrypted,exclude from corpus
A01,54c4b4f81909189e,https://assets.kpmg.com/content/dam/kpmg/be/pdf/2020/12/The_Time_Has_Come_KPMG_Survey_of_Sustainability_Reporting_2020.pdf,dead_link,404,1,http_404,manual review or source-owner access
A01,57e3ea9b3729cb80,https://assets.kpmg.com/content/dam/kpmg/xx/pdf/2020/09/kpmg-2020-ceo-outlook.pdf,validation_failed,200,1,encrypted,exclude from corpus
A01,d3ab739879f35291,https://assets.kpmg.com/content/dam/kpmg/be/pdf/2019/11/agile-transformation.pdf,dead_link,404,1,http_404,manual review or source-owner access
A01,32fa92847d8a0080,https://www.slideshare.net/slideshow/ey-price-point-global-oil-and-gas-market-outlook-251518110/251518110,unresolved,no_public_document_link_within_three_hops,1,no_public_document_link_within_three_hops,manual review or source-owner access
A01,8955801203ec3e5e,https://media2-col.corriereobjects.it/pdf/2020/dataroom/EY-Italian-infrastructure-barometer.pdf,robots_disallowed,robots_disallowed,1,robots_disallowed,manual review or source-owner access
A01,95b15168a7192a0f,https://www.slideshare.net/slideshow/ibor-transition-opportunities-and-challenges-for-the-asset-management-industry/231569244,unresolved,no_public_document_link_within_three_hops,1,no_public_document_link_within_three_hops,manual review or source-owner access
A01,eb458730e2873ba1,https://www.slideshare.net/slideshow/global-capital-confidence-barometer-21st-edition/183093194,unresolved,no_public_document_link_within_three_hops,1,no_public_document_link_within_three_hops,manual review or source-owner access
A01,de5de625142d43be,https://www.slideshare.net/slideshow/power-transactions-and-trends-q2-2019/163455558,unresolved,no_public_document_link_within_three_hops,1,no_public_document_link_within_three_hops,manual review or source-owner access
A01,0f0a4d3934cc5db5,https://www.slideshare.net/slideshow/maps2018-keynote-address-on-ey-report-life-sciences-40-securing-value-through-datadriven-platforms/94337524,unresolved,no_public_document_link_within_three_hops,1,no_public_document_link_within_three_hops,manual review or source-owner access
A01,6d2fdddfa7178232,https://assets.ctfassets.net/sdlntm3tthp6/6PAzONkG9aIWoqScKEocW6/c835738849ad7fb9a22a3e59e48a05e9/ey-study-ico-research.pdf,robots_disallowed,robots_disallowed,1,robots_disallowed,manual review or source-owner access
A01,f871e35b5d402727,https://www.slideshare.net/slideshow/ey-germany-fintech-landscape/80683427,unresolved,no_public_document_link_within_three_hops,1,no_public_document_link_within_three_hops,manual review or source-owner access
A01,ae5e6ea0df5d1cd0,https://www.slideshare.net/slideshow/how-fit-is-your-capital-allocation-strategy/54387344#24,unresolved,no_public_document_link_within_three_hops,1,no_public_document_link_within_three_hops,manual review or source-owner access
A01,33f680443b137c04,https://download.pwc.com/mx/archivo/2023/202308-sistemas-de-pago-instantaneos.pdf,robots_disallowed,robots_disallowed,1,robots_disallowed,manual review or source-owner access
A01,484b102ca948a838,https://www.pwchk.com/en/tmt/gemo-china-media-2023-2027.pdf,validation_failed,200,1,encrypted,exclude from corpus
A01,814966044c7e81ff,https://www.pwchk.com/en/tmt/entertainment-and-media-outlook-2021-2025.pdf,dead_link,404,1,http_404,manual review or source-owner access
A01,09da6d1972a06f94,https://www.pwc.com/sk/en/assets/PDFs/2019-pwc-global-treasury-benchmarking-survey.pdf,validation_failed,200,1,encrypted,exclude from corpus
A01,f358810b1da03f36,https://www.slideshare.net/slideshow/apache-hadoop-summit-2016-the-future-of-apache-hadoop-an-enterprise-architecture-view/63743984,unresolved,no_public_document_link_within_three_hops,1,no_public_document_link_within_three_hops,manual review or source-owner access
A01,193cf8028e7fc250,https://www.slideshare.net/slideshow/18th-annual-global-ceo-survey-technology-industry-key-findings/46327052,unresolved,no_public_document_link_within_three_hops,1,no_public_document_link_within_three_hops,manual review or source-owner access
A01,1bd213043d338579,https://www.slideshare.net/slideshow/cracking-the-code-on-consumer-fraud-accenture-251328708/251328708,unresolved,no_public_document_link_within_three_hops,1,no_public_document_link_within_three_hops,manual review or source-owner access
A01,52e1634df6465aec,https://www.slideshare.net/slideshow/federal-technology-vision-2021-full-us-federal-survey-findings-accenture/250045661,unresolved,no_public_document_link_within_three_hops,1,no_public_document_link_within_three_hops,manual review or source-owner access
A01,d28878aee3855587,https://www.slideshare.net/slideshow/accenture-consumer-behavior-research-the-value-shakeup/249995730,unresolved,no_public_document_link_within_three_hops,1,no_public_document_link_within_three_hops,manual review or source-owner access
A01,06a7a4d684004c5a,https://www.nbnco.com.au/content/dam/nbn/documents/media-centre/media-statements/2021/accenture-consumer-value-report-2021.pdf.coredownload.pdf,robots_disallowed,robots_disallowed,1,robots_disallowed,manual review or source-owner access
A01,7f8e64daa2953c7f,https://www.slideshare.net/slideshow/fueling-the-energy-future/205493015,unresolved,no_public_document_link_within_three_hops,1,no_public_document_link_within_three_hops,manual review or source-owner access
A01,bfaa9db507149446,https://www.slideshare.net/slideshow/fintech-new-york-partnerships-platforms-and-open-innovation/53824053,unresolved,no_public_document_link_within_three_hops,1,no_public_document_link_within_three_hops,manual review or source-owner access
A01,d07ac8f44b36dbb2,https://www.slideshare.net/slideshow/pr-l-e-k-china-co-investment-and-exit-opportunitiesvfv2/28677979,unresolved,no_public_document_link_within_three_hops,1,no_public_document_link_within_three_hops,manual review or source-owner access
A04,ee999f8ee0687448,https://www.scribd.com/document/944287445/BSL-Roadmap-Document,unresolved,no_public_document_link_within_three_hops,1,no_public_document_link_within_three_hops,manual review or source-owner access
A04,5f8f8e9c5ab2eac2,https://dsny.cityofnewyork.us/wp-content/uploads/reports/future-of-trash.pdf,robots_disallowed,robots_disallowed,1,robots_disallowed,manual review or source-owner access
A04,5b6aae4b3e798588,https://www.mta.info/document/16951,validation_failed,200,1,encrypted,exclude from corpus
A04,32d357b936f0f9c8,https://council.vancouver.ca/20201103/documents/p2presentation-consultant.pdf,robots_disallowed,robots_disallowed,1,robots_disallowed,manual review or source-owner access
A04,9853a4df2972bf65,https://energia.gob.cl/sites/default/files/estudio_base_para_la_elaboracion_de_la_estrategia_nacional_para_el_desarrollo_de_hidrogeno_verde_en_chile.pdf,robots_disallowed,robots_disallowed,1,robots_disallowed,manual review or source-owner access
A04,2ec221b214a744e2,https://www.ncdot.gov/about-us/how-we-operate/finance-budget/Documents/mckinsey-ncdot-review-presentation.pdf,dead_link,404,1,http_404,manual review or source-owner access
A04,49737e4e408d8046,https://ofr.azregents.edu/wp-content/uploads/2018/11/UA_Strategic_Plan_2018.pdf,robots_disallowed,robots_disallowed,1,robots_disallowed,manual review or source-owner access
A04,9b057e502cca65bb,https://www.economy.gov.lb/media/11893/20181022-1228full-report-en.pdf,robots_disallowed,robots_disallowed,1,robots_disallowed,manual review or source-owner access
A04,e1a4ee757280d913,https://www.alexanderjarvis.com/mckinsey-king-county-and-seattle-homelessness-some-facts/,unresolved,no_public_document_link_within_three_hops,1,no_public_document_link_within_three_hops,manual review or source-owner access
A04,9fd457da9d277d2c,https://www.scribd.com/document/308366738/WMATA-Report-by-McKinsey-Company?_gl=1*1am8eup*_up*MQ..*_ga*ODcxNzIwNDMuMTc3NDI3MTA1NQ..*_ga_Z4ZC50DED6*czE3NzQyNzEwNTMkbzEkZzAkdDE3NzQyNzEwNTMkajYwJGwwJGgw*_ga_8KZ8BV0P5W*czE3NzQyNzEwNTQkbzEkZzAkdDE3NzQyNzEwNTQkajYwJGwwJGgw,unresolved,no_public_document_link_within_three_hops,1,no_public_document_link_within_three_hops,manual review or source-owner access
A04,de803fd846f46592,https://ens.dk/forsyning-og-forbrug/forsyning-paa-tvaers,unresolved,no_public_document_link_within_three_hops,1,no_public_document_link_within_three_hops,manual review or source-owner access
A04,8d6fed194b5afddb,https://www.scribd.com/document/490364641/Armenia-2020,unresolved,no_public_document_link_within_three_hops,1,no_public_document_link_within_three_hops,manual review or source-owner access
A04,094307d40952d6e4,https://www.alexanderjarvis.com/mckinsey-modelling-the-potential-of-digitally-enabled-processes-transparency-and-participation-in-the-nhs/,unresolved,no_public_document_link_within_three_hops,1,no_public_document_link_within_three_hops,manual review or source-owner access
A04,f433b93da6f5937d,https://assets.publishing.service.gov.uk/media/5a78a166e5274a277e68e3be/7035-capturing-full-elec-eff-potential-edr.pdf,robots_disallowed,robots_disallowed,1,robots_disallowed,manual review or source-owner access
A04,928dc1d608554727,https://www.scribd.com/document/797634062/USPS-Retail-Channel-Strategy,unresolved,no_public_document_link_within_three_hops,1,no_public_document_link_within_three_hops,manual review or source-owner access
A04,36d4cffae1870a34,https://www.scribd.com/presentation/329608109/111102-Kickoff-Document-v5?_gl=1*1kenfoj*_up*MQ..*_ga*MjEzODY3MDI2Ny4xNzc0MjcxMTM2*_ga_Z4ZC50DED6*czE3NzQyNzExMzUkbzEkZzAkdDE3NzQyNzExMzUkajYwJGwwJGgw*_ga_8KZ8BV0P5W*czE3NzQyNzExMzUkbzEkZzAkdDE3NzQyNzExMzUkajYwJGwwJGgw,unresolved,no_public_document_link_within_three_hops,1,no_public_document_link_within_three_hops,manual review or source-owner access
A04,7bf98313dbe1a1d8,https://www.scribd.com/document/412216857/Strategic-Planning?_gl=1*7hxg2i*_up*MQ..*_ga*OTAyMzY4MjQ5LjE3NzQyNzExMTA.*_ga_Z4ZC50DED6*czE3NzQyNzExMDgkbzEkZzAkdDE3NzQyNzExMDgkajYwJGwwJGgw*_ga_8KZ8BV0P5W*czE3NzQyNzExMDkkbzEkZzAkdDE3NzQyNzExMDkkajYwJGwwJGgw,unresolved,no_public_document_link_within_three_hops,1,no_public_document_link_within_three_hops,manual review or source-owner access
A04,98840b4fb7a25655,https://www.scribd.com/document/88994166/McKinsey-Project-Summary-Columbia-Arts-Sciences-Review,unresolved,no_public_document_link_within_three_hops,1,no_public_document_link_within_three_hops,manual review or source-owner access
A04,7c72e29c459667b6,https://www.scribd.com/document/44370640/Quality-McK-Core-Beliefs,unresolved,no_public_document_link_within_three_hops,1,no_public_document_link_within_three_hops,manual review or source-owner access
A04,dbf6b6e0b294f57a,https://www.alexanderjarvis.com/mckinsey-usps-future-business-model/,unresolved,no_public_document_link_within_three_hops,1,no_public_document_link_within_three_hops,manual review or source-owner access
A04,85600bbc515be27a,https://www.scribd.com/document/213172243/Mck-Mainports-2040-Final-Report?_gl=1*deu6g*_up*MQ..*_ga*MTQxOTQyMzc1NS4xNzc5ODAzMjk1*_ga_Z4ZC50DED6*czE3Nzk4MDMyOTQkbzEkZzEkdDE3Nzk4MDMyOTQkajYwJGwwJGgw*_ga_8KZ8BV0P5W*czE3Nzk4MDMyOTQkbzEkZzEkdDE3Nzk4MDMyOTQkajYwJGwwJGgw,unresolved,no_public_document_link_within_three_hops,1,no_public_document_link_within_three_hops,manual review or source-owner access
A04,ba4c293ceacd83d5,https://www.stoptb.org/sites/default/files/imported/document/BoardDocs/17/2.09-03_Strengthening_Performance_Management_in_the_Partnership/2.09-03.1_Helping_Global_Health_Partnerships_to_Increase_their_Impact_0.pdf,robots_disallowed,robots_disallowed,1,robots_disallowed,manual review or source-owner access
A04,987809a19221386a,https://www.scribd.com/document/950723092/2025-BioCentury-China-Healthcare-Summit-McKinsey-Report-on-China-Innovation-VF,unresolved,no_public_document_link_within_three_hops,1,no_public_document_link_within_three_hops,manual review or source-owner access
A04,040f9fff0fd58f03,https://www.scribd.com/document/874355411/McKinsey-Grocery-Profitability-Outlook-Europe,unresolved,no_public_document_link_within_three_hops,1,no_public_document_link_within_three_hops,manual review or source-owner access
A04,4c86c1792174bcfe,https://www.slideshare.net/slideshow/mckinsey-global-materials-perspective-2025/285238778#2,unresolved,no_public_document_link_within_three_hops,1,no_public_document_link_within_three_hops,manual review or source-owner access
A04,b0be81fea30712a0,https://www.slideshare.net/slideshow/mckinsey-global-energy-perspective-2023_11-pdf/281811254#1,unresolved,no_public_document_link_within_three_hops,1,no_public_document_link_within_three_hops,manual review or source-owner access
A04,e8fb057ac1349d36,https://www.scribd.com/document/874243652/McKinsey-on-GenAI-at-the-Edge-Overview-Outlook,unresolved,no_public_document_link_within_three_hops,1,no_public_document_link_within_three_hops,manual review or source-owner access
A04,0f8e53fc63728c26,https://www.scribd.com/document/957929454/European-Tech-IPO-landscape,unresolved,no_public_document_link_within_three_hops,1,no_public_document_link_within_three_hops,manual review or source-owner access
A04,1a13db9ddcfcb0b9,https://www.scribd.com/document/775456832/Hydrogen-Insights-2024,unresolved,no_public_document_link_within_three_hops,1,no_public_document_link_within_three_hops,manual review or source-owner access
A04,476bba718b224fc8,https://www.scribd.com/document/719665342/The-age-of-gen-AI-Unveiling-the-next-frontier-of-digital-procurement-McKinsey-Talks-Operations,unresolved,410,1,http_410,manual review or source-owner access
A04,a3351ab742254544,https://www.scribd.com/document/663939447/Eric-Falardeau-Partner-Health-Fitness-Wellness-McKinsey-Company,unresolved,no_public_document_link_within_three_hops,1,no_public_document_link_within_three_hops,manual review or source-owner access
A04,9ea2c980b33046ce,https://www.scribd.com/document/828754875/1220pm-Data-and-Analytics-Suvanam,unresolved,no_public_document_link_within_three_hops,1,no_public_document_link_within_three_hops,manual review or source-owner access
A04,28c092a23e0adde5,https://hydrogencouncil.com/wp-content/uploads/2022/10/Global-Hydrogen-Flows.pdf,robots_disallowed,robots_disallowed,1,robots_disallowed,manual review or source-owner access
A04,57714531d4d5f8c8,https://www.slideshare.net/McKinseyCompany/2022-women-in-the-workplace-briefing-254242515 ,unresolved,no_public_document_link_within_three_hops,1,no_public_document_link_within_three_hops,manual review or source-owner access
A04,2410b6b04a885766,https://www.slideshare.net/McKinseyCompany/2021-women-in-the-workplace-news-and-media-briefing-251233709,unresolved,no_public_document_link_within_three_hops,1,no_public_document_link_within_three_hops,manual review or source-owner access
A04,a5cf39c90098dbd1,https://www.slideshare.net/slideshow/the-press-forward-discussion-pipeline-to-leadership-for-women-in-news/242484721,unresolved,no_public_document_link_within_three_hops,1,no_public_document_link_within_three_hops,manual review or source-owner access
A04,86edd65e46090de3,https://www.slideshare.net/slideshow/diversity-wins-how-inclusion-matters/249457464,unresolved,no_public_document_link_within_three_hops,1,no_public_document_link_within_three_hops,manual review or source-owner access
A04,bcc96374849a8312,https://www.slideshare.net/slideshow/cloud-value-in-cash-management/248765118,unresolved,no_public_document_link_within_three_hops,1,no_public_document_link_within_three_hops,manual review or source-owner access
A04,50f5094513a9fcd2,https://www.slideshare.net/McKinseyCompany/race-in-the-workplace-the-black-experience-in-the-us-private-sector,unresolved,no_public_document_link_within_three_hops,1,no_public_document_link_within_three_hops,manual review or source-owner access
A04,276775e78c4b6ba4,https://www.mckinsey.com/~/media/McKinsey/Business%20Functions/McKinsey%20Digital/Our%20Insights/The%20top%20trends%20in%20tech%20final/Tech-Trends-Exec-Summary,dead_link,404,1,http_404,manual review or source-owner access
A04,12acc9a57f0fd7e0,https://www.slideshare.net/slideshow/accelerating-hybridcloud-adoption-in-banking-and-securities-240951105/240951105,unresolved,no_public_document_link_within_three_hops,1,no_public_document_link_within_three_hops,manual review or source-owner access
A04,2c658bad1bb46d1b,https://www.scribd.com/document/701580063/3-customer-back-reinvention-of-the-commercial-domain-v-sverre-fjeldstad-mckinsey,unresolved,410,1,http_410,manual review or source-owner access
A04,e6481b27be35a49a,https://www.mckinsey.com/~/media/mckinsey/business%20functions/risk/our%20insights/covid%2019%20implications%20for%20business/2020%20updates/covid%2019%20nov%2011/covid-19-facts-and-insights-oct-30-final.pdf,validation_failed,200,1,encrypted,exclude from corpus
A04,47fde1c159e38436,https://confimprese.it/wp-content/uploads/2020/04/Mckinsey-Covid-19.pdf.pdf.pdf,validation_failed,200,1,encrypted,exclude from corpus
A04,8422bd2d77377718,https://www.slideshare.net/slideshow/global-diversity-equity-and-inclusion-debrief-240176996/240176996,unresolved,no_public_document_link_within_three_hops,1,no_public_document_link_within_three_hops,manual review or source-owner access
A04,b51a148533340360,https://www.slideshare.net/McKinseyCompany/covid19-auto-mobility-consumer-insights,unresolved,410,1,http_410,manual review or source-owner access
A04,e5ee03cd0df47197,https://www.slideshare.net/McKinseyCompany/accelerating-hybridcloud-adoption-in-banking-and-securities,unresolved,no_public_document_link_within_three_hops,1,no_public_document_link_within_three_hops,manual review or source-owner access
A04,61bfe7f0cad73434,https://www.slideshare.net/McKinseyCompany/new-horizons-in-transportation-mobility-innovation-economic-development-and-funding-implications-239324942,unresolved,no_public_document_link_within_three_hops,1,no_public_document_link_within_three_hops,manual review or source-owner access
A04,9d4d11cbd8cb06a8,https://vl.dk/wp-content/uploads/2019/06/McKinsey-SDG-Practical-Guide.pdf,robots_disallowed,robots_disallowed,1,robots_disallowed,manual review or source-owner access
A04,9afb03ffe23ba427,https://www.alexanderjarvis.com/mckinsey-the-future-of-the-finance-function-experiences-from-the-u-s-public-sector/,unresolved,no_public_document_link_within_three_hops,1,no_public_document_link_within_three_hops,manual review or source-owner access
A04,d4329b9aae96d255,https://www.slideshare.net/slideshow/womens-executive-roundtable-presentation/238931674,unresolved,no_public_document_link_within_three_hops,1,no_public_document_link_within_three_hops,manual review or source-owner access
A04,318d48a6ae9f6f9c,https://www.slideshare.net/slideshow/covid-19-and-advancing-asian-american-recover/238673044,unresolved,no_public_document_link_within_three_hops,1,no_public_document_link_within_three_hops,manual review or source-owner access
A04,df90b7a985b01ccc,https://www.slideshare.net/slideshow/2020-women-in-the-workplace-participant-briefing/238783378,unresolved,no_public_document_link_within_three_hops,1,no_public_document_link_within_three_hops,manual review or source-owner access
A04,795cdf078d81c195,https://polytechnic.purdue.edu/sites/default/files/files/Krish%20-%20Moving%20Laggards%20to%20Early%20Adopters%2C%20NcKinsey%20%26%20Co.pdf,dead_link,404,1,http_404,manual review or source-owner access
A04,a8af32381b664d7c,https://unctad.org/system/files/non-official-document/tdb65pt2_item5_presentation_LKrstic_en.pdf,robots_disallowed,robots_disallowed,1,robots_disallowed,manual review or source-owner access
A04,2743c029bda7eb0f,https://static1.squarespace.com/static/5966db90f9a61efb4cd0dc89/t/5a9750338165f5deb7607a69/1519865953798/Minyoung+Kim.pdf,robots_disallowed,robots_disallowed,1,robots_disallowed,manual review or source-owner access
A04,9cb105ebbcb24227,https://www.slideshare.net/slideshow/addressing-homelessness-in-king-county/230115560,unresolved,no_public_document_link_within_three_hops,1,no_public_document_link_within_three_hops,manual review or source-owner access
A04,ffd8eea2dcdcde38,https://www.ebf.eu/wp-content/uploads/2018/10/European-Banking-Summit-2018-Max-Floetotto.pdf,robots_disallowed,robots_disallowed,1,robots_disallowed,manual review or source-owner access
A04,08ff3dbcc908209c,https://www.slideshare.net/slideshow/brazil-digital-report-1st-edition-by-mckinsey-company-and-brazil-at-silicon-valley/140318080,unresolved,no_public_document_link_within_three_hops,1,no_public_document_link_within_three_hops,manual review or source-owner access
A04,0ff08f3185ab03ac,https://www.alexanderjarvis.com/wp-content/uploads/2021/12/McKinsey-The-future-energy-landscape-Global-trends-and-a-closer-look-at-the-Netherlands-.pdf,unresolved,no_public_document_link_within_three_hops,1,no_public_document_link_within_three_hops,manual review or source-owner access
A04,01c09c0cbdd17083,https://www.slideshare.net/slideshow/shattering-the-glass-screen-gender-inequality-in-media-and-entertainment/231317879,unresolved,no_public_document_link_within_three_hops,1,no_public_document_link_within_three_hops,manual review or source-owner access
A04,402658e2795a6039,https://altagamma.it/media/source/20170525_DLE%202017_Shareablepres_1.pdf,validation_failed,200,1,encrypted,exclude from corpus
A04,c6ad5d0c40359b18,https://www.slideshare.net/SmartCity7/digital-and-innovation-strategies-for-the-infrastructure-industry-tim-mcmanus-mckinsey-company-infrastructure-week-presentation,unresolved,no_public_document_link_within_three_hops,1,no_public_document_link_within_three_hops,manual review or source-owner access
A04,ada19318975600c7,https://www.slideshare.net/slideshow/a-stepbystep-overview-of-a-typical-cybersecurity-attackand-how-companies-can-protect-temselves/78546493,unresolved,no_public_document_link_within_three_hops,1,no_public_document_link_within_three_hops,manual review or source-owner access
A04,ce15f45b1a0eb11a,https://www.slideshare.net/slideshow/the-ceo-guide-to-chinas-future/66722187,unresolved,no_public_document_link_within_three_hops,1,no_public_document_link_within_three_hops,manual review or source-owner access
A04,dece1e6c2c4c21af,https://www.slideshare.net/slideshow/the-emerging-markets-growth-story/62811433,unresolved,no_public_document_link_within_three_hops,1,no_public_document_link_within_three_hops,manual review or source-owner access
A04,0c54b58fbe5f8e7a,https://www.scribd.com/document/465632789/USFIA-AISA-Conference-2015-Widdows,unresolved,no_public_document_link_within_three_hops,1,no_public_document_link_within_three_hops,manual review or source-owner access
A04,cda543d7ded17214,https://www.slideshare.net/slideshow/winning-competition-through-organizational-agility/62811153,unresolved,no_public_document_link_within_three_hops,1,no_public_document_link_within_three_hops,manual review or source-owner access
A04,af957f01ef372018,https://www.alexanderjarvis.com/wp-content/uploads/2021/12/McKinsey-How-will-Internet-of-Things-mobile-internet-data-analytics-and-cloud-transform-public-services-by-2030.pdf,unresolved,no_public_document_link_within_three_hops,1,no_public_document_link_within_three_hops,manual review or source-owner access
A04,ee6867aba15e47c4,https://www.slideshare.net/slideshow/digital-globalization-the-new-era-of-global-flows/58716435,unresolved,no_public_document_link_within_three_hops,1,no_public_document_link_within_three_hops,manual review or source-owner access
A04,1bc218ef28716689,https://www.scribd.com/document/435051417/Restoring-Economic-Health-to-the-North-Sea,unresolved,no_public_document_link_within_three_hops,1,no_public_document_link_within_three_hops,manual review or source-owner access
A04,f5a0485fd0220653,https://www.slideshare.net/slideshow/digital-europe-pushing-the-frontier-capturing-the-benefits/63594108,unresolved,no_public_document_link_within_three_hops,1,no_public_document_link_within_three_hops,manual review or source-owner access
A04,b7cac4360d2f03a7,https://www.alexanderjarvis.com/mckinsey-manufacturing-the-future-the-next-era-of-global-growth-and-innovation/,unresolved,no_public_document_link_within_three_hops,1,no_public_document_link_within_three_hops,manual review or source-owner access
A04,a42d13669d07d37e,https://www.scribd.com/presentation/414782409/Mobile-Device-Market-Trends-and-Vendors,unresolved,no_public_document_link_within_three_hops,1,no_public_document_link_within_three_hops,manual review or source-owner access
A04,355bd833de2837b8,https://web-archive.oecd.org/2013-12-16/260684-Laying%20the%20foundations%20for%20a%20financially%20sound%20industry%20-%20OECD.pdf,validation_failed,200,1,signature_mismatch,exclude from corpus
A04,fd246f57efa49759,https://www.slideshare.net/McKinseyCompany/overview-of-ma-2016,unresolved,no_public_document_link_within_three_hops,1,no_public_document_link_within_three_hops,manual review or source-owner access
A04,c553fdc0e4f88b72,https://www.scribd.com/document/61190975/McKinsey-Disruption,unresolved,no_public_document_link_within_three_hops,1,no_public_document_link_within_three_hops,manual review or source-owner access
A04,074b2ce3451791ec,https://www.mcgill.ca/globalfoodsecurity/files/globalfoodsecurity/kathrynyoung.pdf,validation_failed,200,1,encrypted,exclude from corpus
A04,42501be9428f9d7f,https://www.scribd.com/document/76451001/McKinsey-MBB-Time-for-Rationality,unresolved,no_public_document_link_within_three_hops,1,no_public_document_link_within_three_hops,manual review or source-owner access
A04,bf2a3b61b0d740e0,https://www.slideshare.net/McKinseyCompany/five-keys-to-marketings-new-golden-age-from-mckinseys-marketing-sales-practice,unresolved,no_public_document_link_within_three_hops,1,no_public_document_link_within_three_hops,manual review or source-owner access
A04,b20b06755ba667f3,https://web-archive.oecd.org/2012-06-14/112202-44083521.pdf,validation_failed,200,1,signature_mismatch,exclude from corpus
A04,15bfa8467dd8bfb4,https://www.scribd.com/presentation/68448010/Market-Assessment-Call-Center-Outsourcing,unresolved,no_public_document_link_within_three_hops,1,no_public_document_link_within_three_hops,manual review or source-owner access
A04,be10e7b2819a0625,https://www.alexanderjarvis.com/wp-content/uploads/2021/12/McKinsey-Fab-Automation-Artificial-Intelligence-.pdf,unresolved,no_public_document_link_within_three_hops,1,no_public_document_link_within_three_hops,manual review or source-owner access
A04,2ed343319467100e,https://www.scribd.com/document/51690824/Value-proposition-for-the-utility-industry,unresolved,no_public_document_link_within_three_hops,1,no_public_document_link_within_three_hops,manual review or source-owner access
A04,c01f32631077b160,https://assets.ctfassets.net/ws3ue388i71x/rgMP6ZtBa56TKYnrL7VLJ/c5438055755c274fdb565d0ee30d51f7/Brazil_Digital_Report_-_Webinar_V8__3_.pdf,robots_disallowed,robots_disallowed,1,robots_disallowed,manual review or source-owner access
A04,80eb674a105da3d7,https://www.slideshare.net/slideshow/mckinsey-when-things-get-complex-complex-systems-challenges-and-where-to-focus/238974077,unresolved,no_public_document_link_within_three_hops,1,no_public_document_link_within_three_hops,manual review or source-owner access
A04,c6970c042bdab6a5,https://www.scribd.com/presentation/296329989/20100817152036-d-appe-peykerman-gam280509,unresolved,no_public_document_link_within_three_hops,1,no_public_document_link_within_three_hops,manual review or source-owner access
A04,1a950eea4c672918,https://www.slideshare.net/slideshow/next-gen-mining-by-mckinsey-company-perumin/271134954,unresolved,no_public_document_link_within_three_hops,1,no_public_document_link_within_three_hops,manual review or source-owner access
A04,70de26e59700dc6c,https://www.piie.com/sites/default/files/documents/madgavkar20181017ppt.pdf,robots_disallowed,robots_disallowed,1,robots_disallowed,manual review or source-owner access
A04,aec8882c12cd1d04,https://www.scribd.com/user/24914860/shrutityagi,unresolved,no_public_document_link_within_three_hops,1,no_public_document_link_within_three_hops,manual review or source-owner access
A04,55faf34d0f961070,https://www.slideshare.net/slideshow/mckinsey-technology-trends-exec-summary-pdf/267960615,unresolved,no_public_document_link_within_three_hops,1,no_public_document_link_within_three_hops,manual review or source-owner access
A04,a6ce5f6b39edb01b,https://www.scribd.com/document/944205282/20200110-DCC-Beijing-Brochure-En,unresolved,no_public_document_link_within_three_hops,1,no_public_document_link_within_three_hops,manual review or source-owner access
A04,1635e865b27cc10e,https://www.alexanderjarvis.com/mckinsey-jobs-lost-jobs-gained-workforce-transitions-in-time-of-automation/,unresolved,no_public_document_link_within_three_hops,1,no_public_document_link_within_three_hops,manual review or source-owner access
A04,a318b5a738c567be,https://www.slideshare.net/slideshow/mckinsey-global-institute-reporta-labor-market-that-works-connecting-talent-and-opportunity-in-the-digital-age/48961022,unresolved,no_public_document_link_within_three_hops,1,no_public_document_link_within_three_hops,manual review or source-owner access
A04,e38efb90f3792fe8,https://www.scribd.com/document/518614597/presentation2020-15,unresolved,no_public_document_link_within_three_hops,1,no_public_document_link_within_three_hops,manual review or source-owner access
A04,80e4a3e2f9ea4f4a,https://www.scribd.com/document/429530240/CII-Consumer-Trends-Logistics,unresolved,410,1,http_410,manual review or source-owner access
A04,af49b9854a6ce1b6,https://www.slideshare.net/slideshow/no-ordinary-disruption-the-four-forces/46950559,unresolved,no_public_document_link_within_three_hops,1,no_public_document_link_within_three_hops,manual review or source-owner access
A04,079d0ae1f41da5ee,https://www.slideshare.net/McKinseyCompany/global-flows-in-a-digital-age,unresolved,no_public_document_link_within_three_hops,1,no_public_document_link_within_three_hops,manual review or source-owner access
A04,1cbca81ff054d997,https://www.alexanderjarvis.com/mckinsey-perspectives-on-manufacturing-disruptive-technologies-and-industry-4-0/,unresolved,no_public_document_link_within_three_hops,1,no_public_document_link_within_three_hops,manual review or source-owner access
A04,3d58a7fb712b969e,https://www.slideshare.net/slideshow/cfil4tryitnowpptx/265635457,unresolved,no_public_document_link_within_three_hops,1,no_public_document_link_within_three_hops,manual review or source-owner access
A04,9fe36b72eed65039,https://www.slideshare.net/slideshow/580827962mckinseytraining118pdf/258605697,unresolved,no_public_document_link_within_three_hops,1,no_public_document_link_within_three_hops,manual review or source-owner access
A04,d355f431452df336,https://www.slideshare.net/slideshow/580827935mckinseytraining13pdf/258605683,unresolved,no_public_document_link_within_three_hops,1,no_public_document_link_within_three_hops,manual review or source-owner access
A04,ebfc377f90778994,https://www.scribd.com/document/831722380/Execute-with-Excellence-Micropractices,unresolved,no_public_document_link_within_three_hops,1,no_public_document_link_within_three_hops,manual review or source-owner access
A04,72d95185d7a48168,https://www.slideshare.net/slideshow/psproblemsolvingtoolkitpptx/255891804,unresolved,no_public_document_link_within_three_hops,1,no_public_document_link_within_three_hops,manual review or source-owner access
A04,7e5c40ebb3195e59,https://ibgcsitenovo.blob.core.windows.net/ibgcsitenovo/Eventos/Material/Rami%20Goldfajn_15h35-16h25.pdf,robots_disallowed,robots_disallowed,1,robots_disallowed,manual review or source-owner access
A04,44273177b3c8103a,https://www.slideshare.net/slideshow/580827931mckinseytraining12pdf/258605630,unresolved,no_public_document_link_within_three_hops,1,no_public_document_link_within_three_hops,manual review or source-owner access
A04,fa6eeb678cea3cce,https://www.scribd.com/document/508598703/McKinsey-Company-7-Steps-of-Problem-Solving-2014,unresolved,no_public_document_link_within_three_hops,1,no_public_document_link_within_three_hops,manual review or source-owner access
A04,2516ba12e566bbe3,https://www.slideshare.net/slideshow/forward-learning-workbook-pdffhfxfvhxx-n/269591733,unresolved,no_public_document_link_within_three_hops,1,no_public_document_link_within_three_hops,manual review or source-owner access
A04,8b654915782d10b2,https://toolkit.vets.syr.edu/wp-content/uploads/2012/11/Presentation-1-20120911-Veteran-opportunity.pdf,robots_disallowed,robots_disallowed,1,robots_disallowed,manual review or source-owner access
A04,ce0173c20b2350f1,https://www.slideshare.net/slideshow/from-touchpoints-to-journeys-seeing-the-world-as-customers-do/59845066,unresolved,no_public_document_link_within_three_hops,1,no_public_document_link_within_three_hops,manual review or source-owner access
A04,e3a00771cb5ad5c4,https://www.alexanderjarvis.com/mckinsey-the-five-frames-a-guide-to-transformational-change/,unresolved,no_public_document_link_within_three_hops,1,no_public_document_link_within_three_hops,manual review or source-owner access
A04,c57c6ae9fb520c9c,https://www.scribd.com/document/465196081/2011-1011-PS-Training-Presentation,unresolved,no_public_document_link_within_three_hops,1,no_public_document_link_within_three_hops,manual review or source-owner access
A04,93d3110a11c36191,https://www.slideshare.net/slideshow/mckinsey-quarterly-50th-anniversary-highlights/44519082,unresolved,no_public_document_link_within_three_hops,1,no_public_document_link_within_three_hops,manual review or source-owner access
A04,23046b710fbec620,https://www.digitalhealth.net/includes/images/news0254/PDF/overview-evidence-review-of-data-and-information.pdf,robots_disallowed,robots_disallowed,1,robots_disallowed,manual review or source-owner access
A04,a02e707c41736761,https://assets.publishing.service.gov.uk/government/uploads/system/uploads/attachment_data/file/65626/7035-capturing-full-elec-eff-potential-edr.pdf,robots_disallowed,robots_disallowed,1,robots_disallowed,manual review or source-owner access
A06,4b58533db0a38cb4,https://www.alexanderjarvis.com/wp-content/uploads/2021/12/BCG-Projecting-US-Mail-Volumes-to-2020.pdf,unresolved,no_public_document_link_within_three_hops,1,no_public_document_link_within_three_hops,manual review or source-owner access
A06,c57f6a72badf26ae,https://sfs411.wsu.edu/media/762362/20200622-campus-planning-guide.pptx,robots_disallowed,robots_disallowed,1,robots_disallowed,manual review or source-owner access
A06,4dfc1bf69b0cb25c,https://www.gita.org.in/Attachments/Reports/BCG-CII-Report-Next-Gen-Mfg-Nov-2016_.PDF,robots_disallowed,robots_disallowed,1,robots_disallowed,manual review or source-owner access
A06,2df9a43769db95ae,https://www.luxurydaily.com/wp-content/uploads/2018/05/State-of-Luxury-2018-Boston-Consulting-Group-presentation-by-Sarah-Willersdorf.pptx,robots_disallowed,robots_disallowed,1,robots_disallowed,manual review or source-owner access
A06,b8c6679e66513d27,https://think.storage.googleapis.com/docs/BCG-Google-AUNZ-Digital-Marketing-Maturity-Report.pdf,dead_link,404,1,http_404,manual review or source-owner access
A06,cc4629e085acfe36,https://think.storage.googleapis.com/docs/digital-consumer-spending-in-india-launch-presentation.pdf,dead_link,404,1,http_404,manual review or source-owner access
A06,9059449b71e727f4,https://media-publications.bcg.com/BCG-COVID-19-BCG-Perspectives-Version13.pdf,robots_disallowed,robots_disallowed,1,robots_disallowed,manual review or source-owner access
A06,b0fae776bbdedec1,https://www.apsreview.gov.au/sites/default/files/news/appendix-aps-megatrend-survey.pptx,unresolved,no_public_document_link_within_three_hops,1,no_public_document_link_within_three_hops,manual review or source-owner access
A06,cbf9e736d1e001ff,https://connect.bcg.com/data/uploads/sites/1371/2020/10/Future-of-FMCG-Web-20201029-1.pptx,robots_disallowed,robots_disallowed,1,robots_disallowed,manual review or source-owner access
A06,5f62e805f6eed31a,https://media-publications.bcg.com/BCG-Executive-Perspectives-Race-for-Innovation.pdf,robots_disallowed,robots_disallowed,1,robots_disallowed,manual review or source-owner access
A06,cb07ef60472cc591,https://web-assets.bcg.com/f2/f1/002816bc4aca91276243c72ee57d/bcgxaltagamma-true-luxury-global-consumer-insight-2021.pdf?linkId=137588946,robots_disallowed,robots_disallowed,1,robots_disallowed,manual review or source-owner access
A06,b3ab39d72cabfe21,https://media-publications.bcg.com/BCG-Executive-Perspectives-2022-Future-of-Marketing-and-Sales.pdf,robots_disallowed,robots_disallowed,1,robots_disallowed,manual review or source-owner access
A06,7119a839fd14a405,https://web-assets.bcg.com/58/ed/0c59f92f40059f65c55a77289af0/investor-pulse-21-slideshow-221025.pdf,robots_disallowed,robots_disallowed,1,robots_disallowed,manual review or source-owner access
A06,1406e57560fc4dfd,https://media-publications.bcg.com/BCG-IT-Services-the-Rates-of-Success-Goals-and-Future-Priorities-of-Digital-Transformations-by-Sector-April-2022.pdf,robots_disallowed,robots_disallowed,1,robots_disallowed,manual review or source-owner access
A06,747a407327d2b23e,https://my.ampler.io/alumni/academic-program,robots_disallowed,robots_disallowed,1,robots_disallowed,manual review or source-owner access
A07,ec9d9099cfde9033,http://oe.berkeley.edu/sites/default/files/diagnostic%20report%20bain%20uc%20berkeley.pdf,dead_link,404,1,http_404,manual review or source-owner access
A07,83294c20eb881229,https://my.ampler.io/alumni/academic-program,robots_disallowed,robots_disallowed,1,robots_disallowed,manual review or source-owner access
,,https://slidescience.co/consulting-presentations/,approval_required,,0,Bulk archive form requests first name and email; no submission made,Obtain explicit approval before submitting the form
,,https://slidescience.co/mckinsey-presentations/,approval_required,,0,Bulk archive form requests first name and email; no submission made,Obtain explicit approval before submitting the form
A08,8ada3f105768d567,https://stoptb.org/assets/documents/about/cb/meetings/17/2.09-03%20Strengthening%20Performance%20Management%20in%20the%20Partnership/2.09-03.1%20Helping%20Global%20Health%20Partnerships%20to%20Increase%20their%20Impact.pdf,robots_disallowed,robots_disallowed,1,robots_disallowed,manual review or source-owner access
A08,a066fd1e536d4f7c,https://assets.publishing.service.gov.uk/government/uploads/system/uploads/attachment_data/file/65626/7035-capturing-full-elec-eff-potential-edr.pdf,robots_disallowed,robots_disallowed,1,robots_disallowed,manual review or source-owner access
A08,7ccadee8ca066bb4,https://www.digitalhealth.net/includes/images/news0254/PDF/overview-evidence-review-of-data-and-information.pdf,robots_disallowed,robots_disallowed,1,robots_disallowed,manual review or source-owner access
A08,84ad384b54cad246,https://www.alexanderjarvis.com/wp-content/uploads/2021/12/McKinsey-The-future-energy-landscape-Global-trends-and-a-closer-look-at-the-Netherlands-.pdf,unresolved,no_public_document_link_within_three_hops,1,no_public_document_link_within_three_hops,manual review or source-owner access
A08,eabb7111454147f1,https://static1.squarespace.com/static/5966db90f9a61efb4cd0dc89/t/5a9750338165f5deb7607a69/1519865953798/Minyoung+Kim.pdf,robots_disallowed,robots_disallowed,1,robots_disallowed,manual review or source-owner access
A08,22db563b4bb68b41,https://www.ebf.eu/wp-content/uploads/2018/10/European-Banking-Summit-2018-Max-Floetotto.pdf,robots_disallowed,robots_disallowed,1,robots_disallowed,manual review or source-owner access
A08,0dc6ee3a3d886ffb,https://hydrogencouncil.com/wp-content/uploads/2022/10/Global-Hydrogen-Flows.pdf,robots_disallowed,robots_disallowed,1,robots_disallowed,manual review or source-owner access
A08,aae661d97dda2247,https://www.mcgill.ca/globalfoodsecurity/files/globalfoodsecurity/kathrynyoung.pdf,validation_failed,200,1,encrypted,exclude from corpus
A08,56e4201b7bd7b9e0,https://unctad.org/system/files/non-official-document/tdb65pt2_item5_presentation_LKrstic_en.pdf,robots_disallowed,robots_disallowed,1,robots_disallowed,manual review or source-owner access
A08,660d9ace3b219728,https://www.alexanderjarvis.com/wp-content/uploads/2021/12/McKinsey-How-will-Internet-of-Things-mobile-internet-data-analytics-and-cloud-transform-public-services-by-2030.pdf,unresolved,no_public_document_link_within_three_hops,1,no_public_document_link_within_three_hops,manual review or source-owner access
A08,a0be699d50ae4633,https://polytechnic.purdue.edu/sites/default/files/files/Krish%20-%20Moving%20Laggards%20to%20Early%20Adopters%2C%20NcKinsey%20%26%20Co.pdf,dead_link,404,1,http_404,manual review or source-owner access
A08,05171beed6ad2fbb,https://www.alexanderjarvis.com/wp-content/uploads/2021/12/McKinsey-Fab-Automation-Artificial-Intelligence-.pdf,unresolved,no_public_document_link_within_three_hops,1,no_public_document_link_within_three_hops,manual review or source-owner access
A08,5cd0dce087e9be8f,https://web-archive.oecd.org/2012-06-14/112202-44083521.pdf,validation_failed,200,1,signature_mismatch,exclude from corpus
A08,2615ee69b1c7a857,https://web-archive.oecd.org/2013-12-16/260684-Laying%20the%20foundations%20for%20a%20financially%20sound%20industry%20-%20OECD.pdf,validation_failed,200,1,signature_mismatch,exclude from corpus
A08,af795dc082d85da0,https://altagamma.it/media/source/20170525_DLE%202017_Shareablepres_1.pdf,validation_failed,200,1,encrypted,exclude from corpus
A08,4bcb1a2829a526cf,https://www.fiic.la/Documentos/Congreso%20CAMACOL%202015/MGI%20AH%20Camacol_Jan%20Mischke.pdf,robots_disallowed,robots_disallowed,1,robots_disallowed,manual review or source-owner access
A08,19e3ca410b730802,https://www.piie.com/sites/default/files/documents/madgavkar20181017ppt.pdf,robots_disallowed,robots_disallowed,1,robots_disallowed,manual review or source-owner access
A08,6d9e00374e0dc71d,https://toolkit.vets.syr.edu/wp-content/uploads/2012/11/Presentation-1-20120911-Veteran-opportunity.pdf,robots_disallowed,robots_disallowed,1,robots_disallowed,manual review or source-owner access
A08,460eb1f57a4c965a,https://my.ampler.io/alumni/academic-program,robots_disallowed,robots_disallowed,1,robots_disallowed,manual review or source-owner access
slideworks_bcg,fe9268313b57f40f,https://web-assets.bcg.com/7d/5a/e954da90470ea56dce1472a74abd/bcg-the-economic-impact-of-ford-and-the-f-series-sept-2020-v2.pdf,robots_disallowed,robots_disallowed,1,robots_disallowed,manual review or source-owner access
slideworks_bcg,9f727098239c97c3,https://sfs411.wsu.edu/media/762362/20200622-campus-planning-guide.pptx,robots_disallowed,robots_disallowed,1,robots_disallowed,manual review or source-owner access
slideworks_bcg,4b9292c6f2f73244,https://www.scribd.com/presentation/906146099/2025-06-18-Trading-SteerCo-1-Pre-read,unresolved,no_public_document_link_within_three_hops,1,no_public_document_link_within_three_hops,manual review or source-owner access
slideworks_bcg,62aa7440995cf061,https://www.scribd.com/presentation/728635545/Bank-of-Maharashtra-10022023,unresolved,no_public_document_link_within_three_hops,1,no_public_document_link_within_three_hops,manual review or source-owner access
slideworks_bcg,b0bf14b672df5848,https://www.alexanderjarvis.com/bcg-melbourne-as-a-global-cultural-destination/,unresolved,no_public_document_link_within_three_hops,1,no_public_document_link_within_three_hops,manual review or source-owner access
slideworks_bcg,a9dfb41e1cd5e253,https://www.scribd.com/presentation/344099196/NHAI-RO-Gandhinagar-V1,unresolved,no_public_document_link_within_three_hops,1,no_public_document_link_within_three_hops,manual review or source-owner access
slideworks_bcg,b936057a7438c125,https://www.scribd.com/presentation/346435665/RO-Gandhinagar-Minister-Review,unresolved,no_public_document_link_within_three_hops,1,no_public_document_link_within_three_hops,manual review or source-owner access
slideworks_bcg,6b997a6974ac3e65,https://www.alexanderjarvis.com/bcg-bcg-interim-project-update-to-dallas-animal-shelter-commission/,unresolved,no_public_document_link_within_three_hops,1,no_public_document_link_within_three_hops,manual review or source-owner access
slideworks_bcg,455421af7c46e5e6,https://www.scribd.com/presentation/417562509/Copper-Prelim-Deck,unresolved,no_public_document_link_within_three_hops,1,no_public_document_link_within_three_hops,manual review or source-owner access
slideworks_bcg,4b3599eba42b028c,https://www.alexanderjarvis.com/bcg-unlocking-the-growth-opportunity-of-the-responsible-consumer-unilever-discussion/,unresolved,no_public_document_link_within_three_hops,1,no_public_document_link_within_three_hops,manual review or source-owner access
slideworks_bcg,61dfc12873796d22,https://www.scribd.com/presentation/613885875/01-Market-Attractiveness-VF-Ind-EPC,unresolved,no_public_document_link_within_three_hops,1,no_public_document_link_within_three_hops,manual review or source-owner access
slideworks_bcg,64e8b9619e3ea1bc,https://www.alexanderjarvis.com/bcg-dell-and-pivotal-combination/,unresolved,no_public_document_link_within_three_hops,1,no_public_document_link_within_three_hops,manual review or source-owner access
slideworks_bcg,36712122682fa732,https://www.alexanderjarvis.com/bcg-study-on-enhancing-the-competitiveness-of-the-iron-and-steel-industry-in-malaysia/,unresolved,no_public_document_link_within_three_hops,1,no_public_document_link_within_three_hops,manual review or source-owner access
slideworks_bcg,8a25b64492b74cb1,https://silo.tips/download/value-guided-healthcare-as-a-platform-for-industrial-development-in-sweden-feasi-4,unresolved,no_public_document_link_within_three_hops,1,no_public_document_link_within_three_hops,manual review or source-owner access
slideworks_bcg,8a081c9a4c05890a,https://www.scribd.com/document/3197584/lead1,unresolved,no_public_document_link_within_three_hops,1,no_public_document_link_within_three_hops,manual review or source-owner access
slideworks_bcg,a57ddbdbba7fe158,https://www.alexanderjarvis.com/wp-content/uploads/2023/04/BCG-Assessment-of-Pathways-to-Education-Executive-Summary.-February-2011.pdf,unresolved,no_public_document_link_within_three_hops,1,no_public_document_link_within_three_hops,manual review or source-owner access
slideworks_bcg,422d542ec47c2247,https://www.alexanderjarvis.com/bcg-healthcare-system-reform-and-short-term-opportunities/,unresolved,no_public_document_link_within_three_hops,1,no_public_document_link_within_three_hops,manual review or source-owner access
slideworks_bcg,8ae63353ef10ada4,https://www.scribd.com/document/3197593/lead2,unresolved,no_public_document_link_within_three_hops,1,no_public_document_link_within_three_hops,manual review or source-owner access
slideworks_bcg,5ca3afbe4b189211,https://www.slideshare.net/slideshow/bcg-port-of-los-angelespdf/258286656,unresolved,no_public_document_link_within_three_hops,1,no_public_document_link_within_three_hops,manual review or source-owner access
slideworks_bcg,bd9605fbb646f29b,https://www.omniapartners.com/suppliers-files/A-D/The_Boston_Consulting_Group_Inc/Contract_Documents/14-16/BCG_Response.pdf,unresolved,no_public_document_link_within_three_hops,1,no_public_document_link_within_three_hops,manual review or source-owner access
slideworks_bcg,6bb1b58724220aad,https://www.alexanderjarvis.com/wp-content/uploads/2021/12/BCG-Projecting-US-Mail-Volumes-to-2020.pdf,unresolved,no_public_document_link_within_three_hops,1,no_public_document_link_within_three_hops,manual review or source-owner access
slideworks_bcg,f3baccb779bfd428,https://www.scribd.com/presentation/614058086/Sandeep,unresolved,no_public_document_link_within_three_hops,1,no_public_document_link_within_three_hops,manual review or source-owner access
slideworks_bcg,22641ac35aace00d,https://www.scribd.com/document/579923710/CTT-5A-Getting-to-the-So-What-Document-To-Share,unresolved,no_public_document_link_within_three_hops,1,no_public_document_link_within_three_hops,manual review or source-owner access
slideworks_bcg,6daeaf8ad04dab9f,https://www.alexanderjarvis.com/bcg-san-pedro-bay-clean-truck-program/,unresolved,no_public_document_link_within_three_hops,1,no_public_document_link_within_three_hops,manual review or source-owner access
slideworks_bcg,d5d7fd8796b8b750,https://www.scribd.com/document/897847173/Copy-of-BCG-Screening-Criteria,unresolved,no_public_document_link_within_three_hops,1,no_public_document_link_within_three_hops,manual review or source-owner access
slideworks_bcg,bc78635694fd0a96,https://www.alexanderjarvis.com/bcg-interoperables-verfahren-fur-interned-und-mobile-zahlungen/,unresolved,no_public_document_link_within_three_hops,1,no_public_document_link_within_three_hops,manual review or source-owner access
slideworks_bcg,0671a9cacf3bbb41,https://www.scribd.com/document/360680822/BCG-Guest-Lecture,unresolved,no_public_document_link_within_three_hops,1,no_public_document_link_within_three_hops,manual review or source-owner access
slideworks_bcg,a7fd1dd1df690381,https://www.scribd.com/presentation/517448262/Case-Study-Workshop-Slides-21Oct,unresolved,no_public_document_link_within_three_hops,1,no_public_document_link_within_three_hops,manual review or source-owner access
slideworks_bcg,6a0ff0f9c94b5928,https://www.scribd.com/document/640088977/Untitled,unresolved,no_public_document_link_within_three_hops,1,no_public_document_link_within_three_hops,manual review or source-owner access
slideworks_bcg,642fc37f388e48dd,https://www.scribd.com/document/611389292/BCG-Round-1-Amazonian-Dinosaur-3-1,unresolved,no_public_document_link_within_three_hops,1,no_public_document_link_within_three_hops,manual review or source-owner access
slideworks_bcg,3fbc2fe1a64684e5,https://www.scribd.com/document/686007766/Practice-Online-Case-Answer-Guide,unresolved,no_public_document_link_within_three_hops,1,no_public_document_link_within_three_hops,manual review or source-owner access
slideworks_bcg,36562e0aacf214e6,https://www.scribd.com/document/718854082/Frozen-Pizza,unresolved,no_public_document_link_within_three_hops,1,no_public_document_link_within_three_hops,manual review or source-owner access
slideworks_bcg,0dea90f3704a9823,https://www.scribd.com/document/917961343/Apac-Genai-Adoption-Slideshow-March-2025,unresolved,no_public_document_link_within_three_hops,1,no_public_document_link_within_three_hops,manual review or source-owner access
slideworks_bcg,dd1a34b68bea53bb,https://web-assets.bcg.com/62/47/af161e544e74baa6f0e344df90af/bcg-transformation-special-situation-index-slideshow-june-2024-edit.pdf,robots_disallowed,robots_disallowed,1,robots_disallowed,manual review or source-owner access
slideworks_bcg,06d812e7c9a84410,https://web-assets.bcg.com/1a/77/920dd8fc4a5b85095de72eca7ef1/bcgxany-gen-z-attitudes-toward-higher-education-slideshow-090124.pdf,robots_disallowed,robots_disallowed,1,robots_disallowed,manual review or source-owner access
slideworks_bcg,7b38463e519fd762,https://www.scribd.com/document/808173915/BCG-AI-Playbook-for-Finance-Leaders-1734453210,unresolved,no_public_document_link_within_three_hops,1,no_public_document_link_within_three_hops,manual review or source-owner access
slideworks_bcg,ec40c5d10a4d20b4,https://www.scribd.com/document/815803891/BCG-CEO-AI-Customer-Service-Operations-2024-24-Pgs,unresolved,no_public_document_link_within_three_hops,1,no_public_document_link_within_three_hops,manual review or source-owner access
slideworks_bcg,30c93140b29567f5,https://www.scribd.com/document/706685240/BCG-X-C-SUITE-AI-Jan24,unresolved,no_public_document_link_within_three_hops,1,no_public_document_link_within_three_hops,manual review or source-owner access
slideworks_bcg,19d3e35b0f05d83d,https://www.scribd.com/document/803188607/240426-Retail-Media-3-0-Sneak-Peak-27,unresolved,no_public_document_link_within_three_hops,1,no_public_document_link_within_three_hops,manual review or source-owner access
slideworks_bcg,59328917a707aa26,https://web-assets.bcg.com/58/ed/0c59f92f40059f65c55a77289af0/investor-pulse-21-slideshow-221025.pdf,robots_disallowed,robots_disallowed,1,robots_disallowed,manual review or source-owner access
slideworks_bcg,4660c20c61f02442,https://media-publications.bcg.com/BCG-IT-Services-the-Rates-of-Success-Goals-and-Future-Priorities-of-Digital-Transformations-by-Sector-April-2022.pdf,robots_disallowed,robots_disallowed,1,robots_disallowed,manual review or source-owner access
slideworks_bcg,ea601aa5d3443361,https://www.scribd.com/document/653479750/Bcg-2023-India-m-a-Report-Vff,unresolved,no_public_document_link_within_three_hops,1,no_public_document_link_within_three_hops,manual review or source-owner access
slideworks_bcg,1da25ec7518c911b,https://www.scribd.com/document/806823591/BCG-leadership-powerful-purpose-may-2023-r,unresolved,no_public_document_link_within_three_hops,1,no_public_document_link_within_three_hops,manual review or source-owner access
slideworks_bcg,033be148f288e7f3,https://www.scribd.com/presentation/874576582/BCG-Executive-Perspectives-2022-Future-of-Marketing-and-Sales,unresolved,no_public_document_link_within_three_hops,1,no_public_document_link_within_three_hops,manual review or source-owner access
slideworks_bcg,60eea55df951670e,https://www.slideshare.net/slideshow/green-venture-opportunities/250597693,unresolved,410,1,http_410,manual review or source-owner access
slideworks_bcg,e39321dfd27c8be3,https://media-publications.bcg.com/BCG-Executive-Perspectives-Race-for-Innovation.pdf,robots_disallowed,robots_disallowed,1,robots_disallowed,manual review or source-owner access
slideworks_bcg,9303c61bb3cadb5b,https://www.slideshare.net/TheBostonConsultingGroup/bcg-telco-sustainability-index,dead_link,404,1,http_404,manual review or source-owner access
slideworks_bcg,323a37a20a626017,https://www.scribd.com/document/616415086/BCG-Executive-Perspectives-CEOs-Dilemma-Competitive-Cost-Advantage,unresolved,no_public_document_link_within_three_hops,1,no_public_document_link_within_three_hops,manual review or source-owner access
slideworks_bcg,25478e3d8892bbbc,https://www.slideshare.net/TheBostonConsultingGroup/whats-chipping-away-at-automotive-production-243718356,dead_link,404,1,http_404,manual review or source-owner access
slideworks_bcg,e79ad91e3ffe9bd2,https://www.scribd.com/document/616415454/BCG-Executive-Perspectives-CEOs-Dilemma-Transform-for-Resilience,unresolved,no_public_document_link_within_three_hops,1,no_public_document_link_within_three_hops,manual review or source-owner access
slideworks_bcg,e649b925bf3de3b8,https://www.slideshare.net/slideshow/win-the-fight-crush-and-contain-for-safer-reopening/238800224,unresolved,410,1,http_410,manual review or source-owner access
slideworks_bcg,9edf58160c62c3da,https://www.slideshare.net/slideshow/what-does-the-recovery-of-demand-for-urban-mobility-look-like-postcovid19-236725338/236725338,unresolved,410,1,http_410,manual review or source-owner access
slideworks_bcg,12b9b860a9a20fe5,https://www.scribd.com/document/824199826/BCG-Executive-Perspectives-AI-Ready-to-Ride-the-Wave,unresolved,no_public_document_link_within_three_hops,1,no_public_document_link_within_three_hops,manual review or source-owner access
slideworks_bcg,bdfc63fc29f7cfda,https://media-publications.bcg.com/BCG-COVID-19-BCG-Perspectives-Version13.pdf,robots_disallowed,robots_disallowed,1,robots_disallowed,manual review or source-owner access
slideworks_bcg,022451c985ddc9ea,https://www.slideshare.net/slideshow/urban-mobility-is-evolving-in-unexpected-ways-due-to-covid19/238925292,unresolved,410,1,http_410,manual review or source-owner access
slideworks_bcg,80b304ae30249c7f,https://www.scribd.com/document/722174007/IT-Services-Quarterly-Overview-Q4FY21,unresolved,no_public_document_link_within_three_hops,1,no_public_document_link_within_three_hops,manual review or source-owner access
slideworks_bcg,4779de38eab44e37,https://www.slideshare.net/slideshow/covid19-rapid-response-crisis-checklist/231513283,unresolved,410,1,http_410,manual review or source-owner access
slideworks_bcg,0b2ef87142d8d843,https://connect.bcg.com/data/uploads/sites/1371/2020/10/Future-of-FMCG-Web-20201029-1.pptx,robots_disallowed,robots_disallowed,1,robots_disallowed,manual review or source-owner access
slideworks_bcg,6b3f912aa72a859b,https://www.scribd.com/document/552029559/10000000-1287374281726247-617238189426121682-n,unresolved,no_public_document_link_within_three_hops,1,no_public_document_link_within_three_hops,manual review or source-owner access
slideworks_bcg,20b0c644f4a26f21,https://www.slideshare.net/slideshow/whats-keeping-women-out-of-data-science-press-deck-228656888/228656888,unresolved,410,1,http_410,manual review or source-owner access
slideworks_bcg,f81fe0cfe199f098,https://www.slideshare.net/slideshow/driving-change-in-racial-equity/237381793,unresolved,410,1,http_410,manual review or source-owner access
slideworks_bcg,e6dee1d7587af1b1,https://www.scribd.com/document/671148064/BCG-Upstream-M-A,unresolved,no_public_document_link_within_three_hops,1,no_public_document_link_within_three_hops,manual review or source-owner access
slideworks_bcg,a70cf6d172459b29,https://www.slideshare.net/TheBostonConsultingGroup/2019-cpg-growth-leaders-report,dead_link,404,1,http_404,manual review or source-owner access
slideworks_bcg,6b6d3fcdc46f70ac,https://www.slideshare.net/deniscohentannoudji/covid19-therapies-and-vaccines,unresolved,no_public_document_link_within_three_hops,1,no_public_document_link_within_three_hops,manual review or source-owner access
slideworks_bcg,56702a49fa571510,https://www.scribd.com/document/671147794/BCG-COVID-19-Oil-Supply-Demand-Sock,unresolved,no_public_document_link_within_three_hops,1,no_public_document_link_within_three_hops,manual review or source-owner access
slideworks_bcg,fe17d17c7b7ab86b,https://www.slideshare.net/TheBostonConsultingGroup/retail-banking-in-the-new-reality-summary-survey-findings-233949037,dead_link,404,1,http_404,manual review or source-owner access
slideworks_bcg,2c993ec4d6a5cc77,https://www.slideshare.net/TheBostonConsultingGroup/urban-mobility-is-evolving-in-unexpected-ways-due-to-covid19,dead_link,404,1,http_404,manual review or source-owner access
slideworks_bcg,bd7d4f3bdfa2ff9b,https://www.scribd.com/document/879591158/Academic-healthcare-networks-and-international-experiences,unresolved,no_public_document_link_within_three_hops,1,no_public_document_link_within_three_hops,manual review or source-owner access
slideworks_bcg,9f0e2ead60c417cb,https://main.pyc-conferences.org/attachments/PYC-Conference-Plenary-Policy-Joel-Kwong-v2.pptx,robots_disallowed,robots_disallowed,1,robots_disallowed,manual review or source-owner access
slideworks_bcg,2e1e15d56d9c2c9a,https://www.slideshare.net/miguelm60/the-bionic-future-future-work-summit,unresolved,no_public_document_link_within_three_hops,1,no_public_document_link_within_three_hops,manual review or source-owner access
slideworks_bcg,326d0424edc36b73,https://www.apsreview.gov.au/sites/default/files/news/appendix-aps-megatrend-survey.pptx,unresolved,no_public_document_link_within_three_hops,1,no_public_document_link_within_three_hops,manual review or source-owner access
slideworks_bcg,65a46599f3651652,https://www.slideshare.net/TheBostonConsultingGroup/seven-forces-reshaping-enterprise-software-137739767,dead_link,404,1,http_404,manual review or source-owner access
slideworks_bcg,01649b0045c89419,https://www.slideshare.net/TheBostonConsultingGroup/chinese-internet-economy-white-paper-20-decoding-the-chinese-internet-20-get-ready-for-the-next-chapter-130016382,dead_link,404,1,http_404,manual review or source-owner access
slideworks_bcg,c51dc037ab3f6833,https://www.slideshare.net/slideshow/the-great-mobility-tech-race-winning-the-battle-for-future-profits/86039492,unresolved,410,1,http_410,manual review or source-owner access
slideworks_bcg,363d4cca9522dd44,https://www.slideshare.net/Salesforce_Finland/salesforce-basecamp-helsinki-852018-boston-consulting-group,unresolved,no_public_document_link_within_three_hops,1,no_public_document_link_within_three_hops,manual review or source-owner access
slideworks_bcg,393eee546a25bf2f,https://www.slideshare.net/slideshow/pioneering-one-africa-the-companies-blazing-a-trail-across-the-continent/107717678,unresolved,410,1,http_410,manual review or source-owner access
slideworks_bcg,04953d9d50746c0a,https://www.slideshare.net/TheBostonConsultingGroup/shifting-trade-rules-and-the-future-for-north-americas-auto-industry,dead_link,404,1,http_404,manual review or source-owner access
slideworks_bcg,528298cdf2c3b91c,https://www.slideshare.net/slideshow/2018-local-dynamos-emergingmarket-companies-up-their-game/120877615,unresolved,410,1,http_410,manual review or source-owner access
slideworks_bcg,ebe832b972de814b,https://tcgsummit.com/wp-content/uploads/2018/04/02_Hepp_Anta_BCG.pptx,validation_failed,200,1,corrupt_pptx:File is not a zip file,exclude from corpus
slideworks_bcg,8209258d5c6d0782,https://www.luxurydaily.com/wp-content/uploads/2018/05/State-of-Luxury-2018-Boston-Consulting-Group-presentation-by-Sarah-Willersdorf.pptx,robots_disallowed,robots_disallowed,1,robots_disallowed,manual review or source-owner access
slideworks_bcg,d36907165d56eb22,https://www.slideshare.net/TheBostonConsultingGroup/global-challengers-2018-digital-leapfrogs-112989859,dead_link,404,1,http_404,manual review or source-owner access
slideworks_bcg,9599048c6da849c9,https://think.storage.googleapis.com/docs/BCG-Google-AUNZ-Digital-Marketing-Maturity-Report.pdf,dead_link,404,1,http_404,manual review or source-owner access
slideworks_bcg,d24df24ec3a15500,https://www.slideshare.net/slideshow/takeaways-from-a-simulated-cyber-attack/98700272,unresolved,410,1,http_410,manual review or source-owner access
slideworks_bcg,a2d21b6683f51cd5,https://think.storage.googleapis.com/docs/digital-consumer-spending-in-india-launch-presentation.pdf,dead_link,404,1,http_404,manual review or source-owner access
slideworks_bcg,13872b8f08959c9a,https://www.slideshare.net/TheBostonConsultingGroup/russian-consumers-and-the-new-economic-reality,dead_link,404,1,http_404,manual review or source-owner access
slideworks_bcg,5237cbdd39adcb48,https://www.slideshare.net/TheBostonConsultingGroup/the-great-mobility-tech-race-winning-the-battle-for-future-profits,dead_link,404,1,http_404,manual review or source-owner access
slideworks_bcg,91cacb85f1972d4c,https://www.slideshare.net/slideshow/decoding-the-chinese-internet/80232995,unresolved,410,1,http_410,manual review or source-owner access
slideworks_bcg,2503a2262b0c8041,https://www.a-zn.si/wp-content/uploads/7.-Role-of-regulator-in-enabling-the-digitization.pptx,validation_failed,200,1,corrupt_pptx:File is not a zip file,exclude from corpus
slideworks_bcg,f37490efb7c8fb43,https://www.slideshare.net/gabrielaotto/bcg-true-luxury-global-cons-insight-2017-presentata,unresolved,no_public_document_link_within_three_hops,1,no_public_document_link_within_three_hops,manual review or source-owner access
slideworks_bcg,fef021524d7f6ec3,https://www.slideshare.net/indiaRAI/decoding-the-digital-consumer-bcg,unresolved,no_public_document_link_within_three_hops,1,no_public_document_link_within_three_hops,manual review or source-owner access
slideworks_bcg,d3b2f0b3cb47163d,http://www.iberchina.org/files/2017/Decoding_Chinese_Internet_bcg.pdf,validation_failed,200,1,encrypted,exclude from corpus
slideworks_bcg,cd4379c9c80d2fe0,https://www.slideshare.net/FundacionAreces/matthueu-lamiauxenfermedades-transmitidas-por-vectores,unresolved,no_public_document_link_within_three_hops,1,no_public_document_link_within_three_hops,manual review or source-owner access
slideworks_bcg,2bb8067d74ec507a,https://www.slideshare.net/TheBostonConsultingGroup/the-electric-car-tipping-point-81666290,dead_link,404,1,http_404,manual review or source-owner access
slideworks_bcg,57a2910eca8543d0,https://www.slideshare.net/TheBostonConsultingGroup/sprinting-to-value-in-industry-40,dead_link,404,1,http_404,manual review or source-owner access
slideworks_bcg,d5aaf9c735e53c52,https://www.gita.org.in/Attachments/Reports/BCG-CII-Report-Next-Gen-Mfg-Nov-2016_.PDF,robots_disallowed,robots_disallowed,1,robots_disallowed,manual review or source-owner access
slideworks_bcg,c38b4e066395665f,https://www.slideshare.net/slideshow/private-sector-opportunity-to-improve-wellbeing/65977506,unresolved,410,1,http_410,manual review or source-owner access
slideworks_bcg,71fe861d30ad511a,https://www.slideshare.net/slideshow/10-steps-to-sustainability/62155286,unresolved,410,1,http_410,manual review or source-owner access
slideworks_bcg,f768f0e1d430b25d,https://www.slideshare.net/slideshow/2014-biopharmaceutical-partnering-survey/43368922,unresolved,410,1,http_410,manual review or source-owner access
slideworks_bcg,4180f6b452fcdc72,https://www.slideshare.net/slideshow/bcg-on-pmi-a-handbook-for-senior-executives/43904750#3,unresolved,410,1,http_410,manual review or source-owner access
slideworks_bcg,ac7b9c2cfe250826,https://www.slideshare.net/gabrielaotto/tru-luxury-bcg-20142015,unresolved,no_public_document_link_within_three_hops,1,no_public_document_link_within_three_hops,manual review or source-owner access
slideworks_bcg,dd1b34b4cbce84ab,https://www.slideshare.net/TheBostonConsultingGroup/the-shifting-economics-of-global-manufacturing,dead_link,404,1,http_404,manual review or source-owner access
slideworks_bcg,842ad958f7dc6383,https://www.slideshare.net/slideshow/overview-of-2014-wef-and-bcg-report-strategic-infrastructure/33134430,unresolved,410,1,http_410,manual review or source-owner access
slideworks_bcg,73a07117a7bc19a7,https://www.slideshare.net/TheBostonConsultingGroup/smart-cities-35846005,dead_link,404,1,http_404,manual review or source-owner access
slideworks_bcg,0ff1161eb5c17552,https://www.scribd.com/document/318271100/BCG-CFA-Perth-Presentation,unresolved,no_public_document_link_within_three_hops,1,no_public_document_link_within_three_hops,manual review or source-owner access
slideworks_bcg,0155e365893ccebc,https://www.slideshare.net/slideshow/health-systems-leapfrogging-in-emerging-economies/34568122,unresolved,no_public_document_link_within_three_hops,1,no_public_document_link_within_three_hops,manual review or source-owner access
slideworks_bcg,8ab7d5b3c6c7efc0,https://www.scribd.com/document/177143530/Best-Country-Analysis-US-Overview,unresolved,no_public_document_link_within_three_hops,1,no_public_document_link_within_three_hops,manual review or source-owner access
slideworks_bcg,072245265fd1043c,https://www.slideshare.net/slideshow/hyperconnected-travel-and-transport-in-action/35496247,unresolved,no_public_document_link_within_three_hops,1,no_public_document_link_within_three_hops,manual review or source-owner access
slideworks_bcg,8d2d95bb87e384f7,https://static2.snowfire.io/accounts/14796/files/219.pdf?t=o4z026,robots_disallowed,robots_disallowed,1,robots_disallowed,manual review or source-owner access
slideworks_bain,642560e9a207a4e8,https://documents.dps.ny.gov/public/Common/ViewDoc.aspx?DocRefId=%7B28377242-96DA-4009-A14C-4CEE4F0D89BE%7D,robots_disallowed,robots_disallowed,1,robots_disallowed,manual review or source-owner access
slideworks_bcg,84038e9b6774b665,https://www.slideshare.net/slideshow/sustainabilitys-next-frontier/36515795,unresolved,no_public_document_link_within_three_hops,1,no_public_document_link_within_three_hops,manual review or source-owner access
slideworks_bcg,9c07dba84e1004d2,https://www.slideshare.net/slideshow/bcg-mfg-survey-key-findings-slideshare-deckoctober-2014f3/40563015,unresolved,410,1,http_410,manual review or source-owner access
slideworks_bcg,ccbd3135d220e2e7,https://www.slideshare.net/TheBostonConsultingGroup/the-innovation-bottom-line-presentation,dead_link,404,1,http_404,manual review or source-owner access
slideworks_bain,fc3215e2b757bfa4,https://www.slideserve.com/bela/achieving-operational-excellence-at-university-of-california-berkeley-interim-report,unresolved,no_public_document_link_within_three_hops,1,no_public_document_link_within_three_hops,manual review or source-owner access
slideworks_bain,ed5f1c4f58b85c49,https://www.slideserve.com/latifah-pugh/school-start-up-plan,unresolved,no_public_document_link_within_three_hops,1,no_public_document_link_within_three_hops,manual review or source-owner access
A01,b913e43368234689,https://www.slideshare.net/slideshow/iab-netherlands-deloitte-programmatic-advertising-2018-report/119494039,unresolved,no_public_document_link_within_three_hops,1,no_public_document_link_within_three_hops,manual review or source-owner access
slideworks_bain,275c3eea3661ea61,https://www.scribd.com/document/370740962/Bain-Interactive-Interview-Briefing-Pack,unresolved,no_public_document_link_within_three_hops,1,no_public_document_link_within_three_hops,manual review or source-owner access
slideworks_bain,4d6f64ebae8b6982,https://www.slideshare.net/slideshow/bain-achieving-operational-excellence-at-university-of-california-berkeley-pdf/284245382,unresolved,no_public_document_link_within_three_hops,1,no_public_document_link_within_three_hops,manual review or source-owner access
slideworks_bain,3fee6e5b69423c6e,https://www.alexanderjarvis.com/bain-luxury-and-coronavirus-figures-trends-and-ceo-agenda/,unresolved,no_public_document_link_within_three_hops,1,no_public_document_link_within_three_hops,manual review or source-owner access
slideworks_bain,2308768779df1adb,https://www.scribd.com/document/733921388/bain-report-india-private-equity-report-2024,unresolved,no_public_document_link_within_three_hops,1,no_public_document_link_within_three_hops,manual review or source-owner access
slideworks_bain,38b1955a4c2528c4,https://www.slideshare.net/NationalRetailFederation/the-360-supply-chain-bain-company-examines-changes-needed-to-make-supply-chains-the-new-customer-value-proposition,unresolved,no_public_document_link_within_three_hops,1,no_public_document_link_within_three_hops,manual review or source-owner access
slideworks_bain,1c7d5fad37fdbc66,https://www.slideshare.net/BainCompanyBrasil/chiles-consumer-pulse-update-august-2020-238118860,unresolved,no_public_document_link_within_three_hops,1,no_public_document_link_within_three_hops,manual review or source-owner access
slideworks_bain,145cee5fab57fe74,https://www.slideshare.net/BainCompanyBrasil/argentinas-consumer-pulse-update-august-2020-238118847,unresolved,no_public_document_link_within_three_hops,1,no_public_document_link_within_three_hops,manual review or source-owner access
slideworks_bain,0830a74d8e5d3f3f,https://www.slideshare.net/BainCompanyBrasil/colombias-consumer-pulse-update-august-2020,unresolved,no_public_document_link_within_three_hops,1,no_public_document_link_within_three_hops,manual review or source-owner access
slideworks_bain,c198db6255aa2649,https://www.slideshare.net/BainCompanyBrasil/covid-19-retail-webinar-scenarios-and-implications-for-brazil,unresolved,no_public_document_link_within_three_hops,1,no_public_document_link_within_three_hops,manual review or source-owner access
slideworks_bain,c53576c382f5eb5c,https://www.slideshare.net/BainCompanyBrasil/covid19-fact-base-and-potential-implications-for-brazil-completo,unresolved,no_public_document_link_within_three_hops,1,no_public_document_link_within_three_hops,manual review or source-owner access
slideworks_bain,b93d33980c7486b9,https://www.alexanderjarvis.com/bain-the-future-of-luxury-a-look-into-tomorrow-to-understand-today/,unresolved,no_public_document_link_within_three_hops,1,no_public_document_link_within_three_hops,manual review or source-owner access
slideworks_bain,ce35746b0c26f2e6,https://www.slideshare.net/BainCompanyBrasil/how-to-accelerate-digital-solutions,unresolved,no_public_document_link_within_three_hops,1,no_public_document_link_within_three_hops,manual review or source-owner access
slideworks_bain,7b486c9ed0cdd47b,https://www.slideshare.net/BainCompanyBrasil/bainwebinar-procurement-best-practices-through-covid19,unresolved,no_public_document_link_within_three_hops,1,no_public_document_link_within_three_hops,manual review or source-owner access
slideworks_bain,28911928b3fc9cd8,https://www.slideshare.net/BainCompanyBrasil/covid-19-commercial-aviation-outlook-and-scenarios,unresolved,no_public_document_link_within_three_hops,1,no_public_document_link_within_three_hops,manual review or source-owner access
slideworks_bain,6a1bcc6a774d193c,https://www.alexanderjarvis.com/bain-luxury-report-worldwide-markets-monitor-for-fondazione-altagamma/,unresolved,no_public_document_link_within_three_hops,1,no_public_document_link_within_three_hops,manual review or source-owner access
slideworks_bain,03967e773a26be70,https://www.slideshare.net/BainCompanyBrasil/brazils-consumer-pulse-update,unresolved,no_public_document_link_within_three_hops,1,no_public_document_link_within_three_hops,manual review or source-owner access
slideworks_bain,1e67c6d49a788926,https://www.scribd.com/document/421263261/Bains-On-Consulting,unresolved,no_public_document_link_within_three_hops,1,no_public_document_link_within_three_hops,manual review or source-owner access
slideworks_bain,07347bec9e205318,https://www.slideshare.net/BainCompanyBrasil/bainwebinar-next-generation-industrial-performance-post-covid19,unresolved,no_public_document_link_within_three_hops,1,no_public_document_link_within_three_hops,manual review or source-owner access
slideworks_bain,e94f4ce066bcd9c7,https://www.scribd.com/presentation/83541453/Bain-Crack-the-Case-Curriculum,unresolved,no_public_document_link_within_three_hops,1,no_public_document_link_within_three_hops,manual review or source-owner access
slideworks_bain,4d4bafc4bdcffce3,https://studylib.net/doc/8386282/introducing-bain-and-the-way-we-work,access_restricted,403,1,http_403,manual review or source-owner access
slideworks_bain,2bd55250402e230b,https://www.scribd.com/presentation/428226840/Bain-Mock-Case-Interview,unresolved,no_public_document_link_within_three_hops,1,no_public_document_link_within_three_hops,manual review or source-owner access
slideworks_bain,93a21acca41a1aac,https://www.slideshare.net/Qualtrics/employee-inspiration-how-to-create-engergy-that-drives-better-customer-outcomes,unresolved,no_public_document_link_within_three_hops,1,no_public_document_link_within_three_hops,manual review or source-owner access
slideworks_bain,b575aa40642a1fa7,https://www.scribd.com/presentation/686348993/Bain-Consulting-Practice,unresolved,no_public_document_link_within_three_hops,1,no_public_document_link_within_three_hops,manual review or source-owner access
slideworks_bain,556edb13348b3aea,https://slideplayer.com/slide/8291490/,robots_disallowed,robots_disallowed,1,robots_disallowed,manual review or source-owner access
slideworks_bain,d366acab9cdf952a,https://www.slideshare.net/AnneLEHMAN6/bain-covid-19-situation-report-action-agenda,unresolved,no_public_document_link_within_three_hops,1,no_public_document_link_within_three_hops,manual review or source-owner access
slideworks_bain,9c52b24bd882fd07,https://d2aod8qfhzlk6j.cloudfront.net/SITOIS/Presentazione_Bain_512434bd24.pdf,robots_disallowed,robots_disallowed,1,robots_disallowed,manual review or source-owner access
slideworks_bain,b1783f7472851a13,https://www.slideshare.net/slideshow/employee-inspiration-how-to-create-engergy-that-drives-better-customer-outcomes/69993342,unresolved,no_public_document_link_within_three_hops,1,no_public_document_link_within_three_hops,manual review or source-owner access
slideworks_bain,883b0eac23470ec4,https://www.scribd.com/document/114775922/Bain-Chicago-Practice-Casebook,unresolved,no_public_document_link_within_three_hops,1,no_public_document_link_within_three_hops,manual review or source-owner access
slideworks_bain,dc7bf57d2dab7eb3,https://www.slideshare.net/Glassdoor/bain-co-gdroadshow-presentation,unresolved,no_public_document_link_within_three_hops,1,no_public_document_link_within_three_hops,manual review or source-owner access
slideworks_bain,1fc33076bd64c725,https://www.scribd.com/document/445182713/Bain-Casebook-Consulting-Case-Interview-Book%E8%B4%9D%E6%81%A9%E5%92%A8%E8%AF%A2%E6%A1%88%E4%BE%8B%E9%9D%A2%E8%AF%95,unresolved,no_public_document_link_within_three_hops,1,no_public_document_link_within_three_hops,manual review or source-owner access
slideworks_bain,b02ea85485b71018,https://www.slideshare.net/slideshow/inquiries-in-commercial-due-diligence/231038006,unresolved,no_public_document_link_within_three_hops,1,no_public_document_link_within_three_hops,manual review or source-owner access
slideworks_bain,51a59301a26ef7da,https://www.scribd.com/presentation/476424598/Bain-Case-Vending-Machine,unresolved,no_public_document_link_within_three_hops,1,no_public_document_link_within_three_hops,manual review or source-owner access
slideworks_bain,dbda40fa7cb2aae4,https://www.slideshare.net/slideshow/tipping-point-analysis-in-commercial-due-diligence/231038153,unresolved,no_public_document_link_within_three_hops,1,no_public_document_link_within_three_hops,manual review or source-owner access
slideworks_bain,ecc3a68c27241abb,https://www.scribd.com/document/755251064/Bain-Case-Chain-HospitalCo-pdf,unresolved,no_public_document_link_within_three_hops,1,no_public_document_link_within_three_hops,manual review or source-owner access
slideworks_bain,38e44fb2a8760f33,https://www.scribd.com/document/454862465/Bain-Case-Electronics-Co-Case-Interview-pdf,unresolved,no_public_document_link_within_three_hops,1,no_public_document_link_within_three_hops,manual review or source-owner access
slideworks_bain,0ccaa67fecac4927,https://www.scribd.com/document/755251061/Bain-Case-CraftsCo-ppt,unresolved,no_public_document_link_within_three_hops,1,no_public_document_link_within_three_hops,manual review or source-owner access
slideworks_bain,293c80ac99bd32de,https://www.slideshare.net/MarketingTrips/economy-sea-2021-k-nguyn-s-ca-ng-nam,unresolved,no_public_document_link_within_three_hops,1,no_public_document_link_within_three_hops,manual review or source-owner access
slideworks_bain,f824c11a451a3ad4,https://www.scribd.com/presentation/476424596/Bain-Case-Retail-Co,unresolved,no_public_document_link_within_three_hops,1,no_public_document_link_within_three_hops,manual review or source-owner access
slideworks_bain,215c90ddaf906dc8,https://www.slideshare.net/noumfone/economy-sea-2020,unresolved,no_public_document_link_within_three_hops,1,no_public_document_link_within_three_hops,manual review or source-owner access
slideworks_bain,810c26dabc0d0349,https://www.slideshare.net/AImanS1/economy-sea-2019-by-google,unresolved,no_public_document_link_within_three_hops,1,no_public_document_link_within_three_hops,manual review or source-owner access
slideworks_bain,58648a7926b3d6c4,https://www.scribd.com/document/413546970/Bain-and-Company-Example-scenario,unresolved,no_public_document_link_within_three_hops,1,no_public_document_link_within_three_hops,manual review or source-owner access
slideworks_bain,fb66313598fdad21,https://www.slideshare.net/abhinavr7/beautydigital-a-study-by-bain-google,unresolved,no_public_document_link_within_three_hops,1,no_public_document_link_within_three_hops,manual review or source-owner access
slideworks_bain,e2f87903b1a97c8a,https://www.scribd.com/document/622424045/BAIN-Case-Interview-Prep,unresolved,no_public_document_link_within_three_hops,1,no_public_document_link_within_three_hops,manual review or source-owner access
slideworks_bain,d2a92821c4be3b15,https://www.scribd.com/presentation/421506961/170912-PEG-Bible-sanitized-version-v2-pptx,unresolved,no_public_document_link_within_three_hops,1,no_public_document_link_within_three_hops,manual review or source-owner access
A04,61bf61571f04f4ab,https://www.scribd.com/document/518614599/presentation2020-14,unresolved,,0,no_public_document_link_within_three_hops,Manually review the listed page and search for an officially hosted public equivalent; do not bypass access restrictions.
A04,9f137c2bf874e544,https://www.scribd.com/document/508598793/McKinsey-Company-Manual-for-Entrepreneurs-2014,unresolved,,0,no_public_document_link_within_three_hops,Manually review the listed page and search for an officially hosted public equivalent; do not bypass access restrictions.
A04,4055ae1fdb6928ab,https://stoptb.org/assets/documents/about/cb/meetings/17/2.09-03%20Strengthening%20Performance%20Management%20in%20the%20Partnership/2.09-03.1%20Helping%20Global%20Health%20Partnerships%20to%20Increase%20their%20Impact.pdf,robots_disallowed,,0,robots_disallowed,Do not retry unless robots permission or source-owner access changes.
A02,,https://www.theanalystacademy.com/consulting-presentations/,access_restricted,,1,Cloudflare captcha/challenge presented; not bypassed,requires accessible public page
A03,,https://slidescience.co/consulting-presentations/,robots_disallowed,,1,robots restrictions; bulk archive also first-name/email-gated,permission required for gated archive; otherwise await public entries
A05,,https://slidescience.co/mckinsey-presentations/,robots_disallowed,,1,robots restriction; bulk archive gated,permission required for archive
A11,,https://www.linkedin.com/posts/danieljgalletta_free-consulting-presentations-225-real-activity-7307875954238857216-AXK6,access_restricted,,1,LinkedIn post content not fully accessible,public un-gated alternative
C02,,https://www.ey.com/en_gl/media/webcasts,approval_required,,0,EY slide attachments require a registered webcast session,user approval for registration
D04,,https://huggingface.co/datasets/NTT-hil-insight/SlideVQA,approval_required,,0,Hub gated terms require accepting NTT evaluation agreement and sharing contact details; GitHub LICENSE also imposes agreement terms,explicit user approval to accept terms and share contact details
D03,,https://huggingface.co/datasets/Yqy6/Slides-Align,metadata_only,,0,"Hub reports 57,073,806,859 bytes used storage; exceeds 10 GiB budget",none under current budget
D06,,https://huggingface.co/datasets/Wenkaiwang/PPTBench-V3,metadata_only,,0,"Hub repository 5,820,620,613 bytes; underlying slide assets have no blanket licence and repo card points to separate creator rights",rights review before use beyond local research
C06,C06-IGDS,IGDS McKinsey retail generative AI presentation (exact URL not established),permission_required,,1,Brief-specified exclusion; specific permission is not documented; no file acquired,document permission and source URL before any acquisition
C05,C05-CYBER,https://kpmg.com/us/en/media/news/kpmg-cyber-security-survey.html,unresolved,,1,Official page exposed a survey report but not the requested summary slides,no public slide file resolved
