file_id,review_method,reviewed_pages,classification,readability_notes,layout_notes,quality_status,reviewer
dl_987da9a10c05c794,legacy_manifest_only,,legacy_unclassified,,,not_reviewed,
dl_82416a0d09db1731,legacy_manifest_only,,legacy_unclassified,,,not_reviewed,
dl_1d68a9487a05be4e,legacy_manifest_only,,legacy_unclassified,,,not_reviewed,
dl_929dcbeb4622eeaf,legacy_manifest_only,,legacy_unclassified,,,not_reviewed,
dl_25ffb9cd8ec417e6,legacy_manifest_only,,legacy_unclassified,,,not_reviewed,
dl_7264cc42abfa430f,legacy_manifest_only,,legacy_unclassified,,,not_reviewed,
dl_66ef713f99858b72,legacy_manifest_only,,legacy_unclassified,,,not_reviewed,
dl_3fce7378cb264fe1,legacy_manifest_only,,legacy_unclassified,,,not_reviewed,
dl_de9253357ae50ff2,legacy_manifest_only,,legacy_unclassified,,,not_reviewed,
dl_34830d1457272f2d,legacy_manifest_only,,legacy_unclassified,,,not_reviewed,
dl_f99cc2af1964ab7f,legacy_manifest_only,,legacy_unclassified,,,not_reviewed,
dl_8f2d69da19b704e5,legacy_manifest_only,,legacy_unclassified,,,not_reviewed,
dl_1f9888da952fe1b9,legacy_manifest_only,,legacy_unclassified,,,not_reviewed,
dl_06998eb3469f551e,legacy_manifest_only,,legacy_unclassified,,,not_reviewed,
dl_6994ba2477647506,legacy_manifest_only,,legacy_unclassified,,,not_reviewed,
dl_5f0b48f074e6605d,legacy_manifest_only,,legacy_unclassified,,,not_reviewed,
dl_92553531ef789830,legacy_manifest_only,,legacy_unclassified,,,not_reviewed,
dl_7ba21f70bcfe4662,legacy_manifest_only,,legacy_unclassified,,,not_reviewed,
dl_a7d73c5dc9010fb1,legacy_manifest_only,,legacy_unclassified,,,not_reviewed,
dl_873e5a6f12c5c786,legacy_manifest_only,,legacy_unclassified,,,not_reviewed,
dl_6fcac9472b1150a1,legacy_manifest_only,,legacy_unclassified,,,not_reviewed,
dl_3eae42ee5c32cf6c,legacy_manifest_only,,legacy_unclassified,,,not_reviewed,
dl_36337523a9b95358,legacy_manifest_only,,legacy_unclassified,,,not_reviewed,
dl_660aa3981af0898b,legacy_manifest_only,,legacy_unclassified,,,not_reviewed,
dl_d2d1535d9097ca66,legacy_manifest_only,,legacy_unclassified,,,not_reviewed,
dl_976729b3b06965f8,legacy_manifest_only,,legacy_unclassified,,,not_reviewed,
dl_0c62266ab999bfef,legacy_manifest_only,,legacy_unclassified,,,not_reviewed,
dl_662cf4a8e4fa2f16,legacy_manifest_only,,legacy_unclassified,,,not_reviewed,
dl_6d0261861ac298e5,legacy_manifest_only,,legacy_unclassified,,,not_reviewed,
dl_7eb8fd90cd43aed8,legacy_manifest_only,,legacy_unclassified,,,not_reviewed,
dl_b1634f6113658850,legacy_manifest_only,,legacy_unclassified,,,not_reviewed,
dl_19a94ec26af62066,legacy_manifest_only,,legacy_unclassified,,,not_reviewed,
dl_4c06dc4362d923d4,legacy_manifest_only,,legacy_unclassified,,,not_reviewed,
dl_c48e4c1add4a55d0,legacy_manifest_only,,legacy_unclassified,,,not_reviewed,
dl_8f87797bc9a564c0,legacy_manifest_only,,legacy_unclassified,,,not_reviewed,
dl_8ff8882923596761,legacy_manifest_only,,legacy_unclassified,,,not_reviewed,
dl_a6c4f2b313548178,legacy_manifest_only,,legacy_unclassified,,,not_reviewed,
dl_25e43ccd1b740a54,legacy_manifest_only,,legacy_unclassified,,,not_reviewed,
dl_debf8e3abf41f679,legacy_manifest_only,,legacy_unclassified,,,not_reviewed,
dl_7bec927f37e7a4a9,legacy_manifest_only,,legacy_unclassified,,,not_reviewed,
dl_ab06100eed1066ee,legacy_manifest_only,,legacy_unclassified,,,not_reviewed,
dl_ed46704fc443c870,legacy_manifest_only,,legacy_unclassified,,,not_reviewed,
dl_7d4ef885bed45743,legacy_manifest_only,,legacy_unclassified,,,not_reviewed,
dl_b7a017e5ed12b68b,legacy_manifest_only,,legacy_unclassified,,,not_reviewed,
dl_9fc8242840f3a97a,legacy_manifest_only,,legacy_unclassified,,,not_reviewed,
dl_23afe5d6a23befea,legacy_manifest_only,,legacy_unclassified,,,not_reviewed,
dl_5335cc9cb67fa906,legacy_manifest_only,,legacy_unclassified,,,not_reviewed,
dl_f2f1ad0e9315b521,legacy_manifest_only,,legacy_unclassified,,,not_reviewed,
dl_df04ac5e2c64cba8,legacy_manifest_only,,legacy_unclassified,,,not_reviewed,
dl_3fdb178251427be1,legacy_manifest_only,,legacy_unclassified,,,not_reviewed,
dl_331ef1c71d8ac8ea,legacy_manifest_only,,legacy_unclassified,,,not_reviewed,
dl_94e74cd9448589bb,legacy_manifest_only,,legacy_unclassified,,,not_reviewed,
dl_285fede37bc8af68,legacy_manifest_only,,legacy_unclassified,,,not_reviewed,
dl_60a6718a6e012657,legacy_manifest_only,,legacy_unclassified,,,not_reviewed,
dl_6172d62524bd62d8,legacy_manifest_only,,legacy_unclassified,,,not_reviewed,
dl_07c0832ca6395587,legacy_manifest_only,,legacy_unclassified,,,not_reviewed,
dl_5df9c86d0f432fa3,legacy_manifest_only,,legacy_unclassified,,,not_reviewed,
dl_50b3b12af8dc5947,legacy_manifest_only,,legacy_unclassified,,,not_reviewed,
dl_26b116c1f5676925,legacy_manifest_only,,legacy_unclassified,,,not_reviewed,
dl_ebd2a5ae2aa46244,legacy_manifest_only,,legacy_unclassified,,,not_reviewed,
dl_3f9915b607b47d78,legacy_manifest_only,,legacy_unclassified,,,not_reviewed,
dl_ca564ca4bf34b204,legacy_manifest_only,,legacy_unclassified,,,not_reviewed,
dl_9f83e2208d79a6c4,legacy_manifest_only,,legacy_unclassified,,,not_reviewed,
dl_6e74fd854225ae5c,legacy_manifest_only,,legacy_unclassified,,,not_reviewed,
dl_690e175531f5c78c,legacy_manifest_only,,legacy_unclassified,,,not_reviewed,
dl_0e9ae5e519158ff7,legacy_manifest_only,,legacy_unclassified,,,not_reviewed,
dl_70cd060e3cb2d8a4,legacy_manifest_only,,legacy_unclassified,,,not_reviewed,
dl_efacf891362645ca,legacy_manifest_only,,legacy_unclassified,,,not_reviewed,
dl_d70bedec640b9be8,legacy_manifest_only,,legacy_unclassified,,,not_reviewed,
dl_5ae3432e9edd1744,legacy_manifest_only,,legacy_unclassified,,,not_reviewed,
dl_0d7e011ff06be10e,legacy_manifest_only,,legacy_unclassified,,,not_reviewed,
dl_d22d21f6e951cfaf,legacy_manifest_only,,legacy_unclassified,,,not_reviewed,
dl_9cfba37f1863b0d4,legacy_manifest_only,,legacy_unclassified,,,not_reviewed,
dl_f7a6d266f84c64a5,legacy_manifest_only,,legacy_unclassified,,,not_reviewed,
dl_d53f5ae618b18010,legacy_manifest_only,,legacy_unclassified,,,not_reviewed,
dl_202090c4a04b2e19,legacy_manifest_only,,legacy_unclassified,,,not_reviewed,
dl_fc32f281c394a13d,legacy_manifest_only,,legacy_unclassified,,,not_reviewed,
dl_45dc8f6286a5209f,legacy_manifest_only,,legacy_unclassified,,,not_reviewed,
dl_e43a3359db33bf65,legacy_manifest_only,,legacy_unclassified,,,not_reviewed,
dl_c6f334d4c34ba964,legacy_manifest_only,,legacy_unclassified,,,not_reviewed,
dl_01f062929eac5663,legacy_manifest_only,,legacy_unclassified,,,not_reviewed,
dl_49721d26908eee06,legacy_manifest_only,,legacy_unclassified,,,not_reviewed,
dl_328cdb8479cf55aa,legacy_manifest_only,,legacy_unclassified,,,not_reviewed,
dl_b1de1f1040c79045,legacy_manifest_only,,legacy_unclassified,,,not_reviewed,
dl_a0076e637f3f5d70,legacy_manifest_only,,legacy_unclassified,,,not_reviewed,
dl_bd196249431a2366,legacy_manifest_only,,legacy_unclassified,,,not_reviewed,
dl_3f55407b70de8f85,legacy_manifest_only,,legacy_unclassified,,,not_reviewed,
dl_49b9389b75f40c54,legacy_manifest_only,,legacy_unclassified,,,not_reviewed,
dl_af1948441df4f0e0,legacy_manifest_only,,legacy_unclassified,,,not_reviewed,
dl_aa3b6e61f68baff3,legacy_manifest_only,,legacy_unclassified,,,not_reviewed,
dl_bc79a4906a3f9b93,legacy_manifest_only,,legacy_unclassified,,,not_reviewed,
dl_de7a7763d5063514,legacy_manifest_only,,legacy_unclassified,,,not_reviewed,
dl_b0c7808160ed43dd,legacy_manifest_only,,legacy_unclassified,,,not_reviewed,
dl_084d2f8cd45c906f,legacy_manifest_only,,legacy_unclassified,,,not_reviewed,
dl_9d0bda51f5f84e7d,legacy_manifest_only,,legacy_unclassified,,,not_reviewed,
dl_9d5af2d703df0ea4,legacy_manifest_only,,legacy_unclassified,,,not_reviewed,
dl_00071f1c024d002a,legacy_manifest_only,,legacy_unclassified,,,not_reviewed,
dl_a153804684314f79,legacy_manifest_only,,legacy_unclassified,,,not_reviewed,
dl_a63294fe2fb6bc8e,legacy_manifest_only,,legacy_unclassified,,,not_reviewed,
dl_ec2b099a3840f9df,legacy_manifest_only,,legacy_unclassified,,,not_reviewed,
dl_df3744c7748e5c92,legacy_manifest_only,,legacy_unclassified,,,not_reviewed,
dl_773fc51270fd80c6,legacy_manifest_only,,legacy_unclassified,,,not_reviewed,
dl_62f5693eb0386176,legacy_manifest_only,,legacy_unclassified,,,not_reviewed,
dl_df4a9e04f0e5f6e0,legacy_manifest_only,,legacy_unclassified,,,not_reviewed,
dl_37932959fdf7e03a,legacy_manifest_only,,legacy_unclassified,,,not_reviewed,
dl_11bb688d833fb2f6,legacy_manifest_only,,legacy_unclassified,,,not_reviewed,
dl_b125547ceb745961,legacy_manifest_only,,legacy_unclassified,,,not_reviewed,
dl_05cf17d97c3ce026,legacy_manifest_only,,legacy_unclassified,,,not_reviewed,
dl_a3329096a2480b27,legacy_manifest_only,,legacy_unclassified,,,not_reviewed,
dl_65723b51e7c5330b,legacy_manifest_only,,legacy_unclassified,,,not_reviewed,
dl_6a820bcf7a2c4810,legacy_manifest_only,,legacy_unclassified,,,not_reviewed,
dl_41c49c3447565978,legacy_manifest_only,,legacy_unclassified,,,not_reviewed,
dl_b9e4aa74e06ec2fb,legacy_manifest_only,,legacy_unclassified,,,not_reviewed,
dl_14a02c7150ab2533,legacy_manifest_only,,legacy_unclassified,,,not_reviewed,
dl_337f0a9a047e7cb2,legacy_manifest_only,,legacy_unclassified,,,not_reviewed,
dl_4b2948011bc6961e,legacy_manifest_only,,legacy_unclassified,,,not_reviewed,
dl_155e8c2451750595,legacy_manifest_only,,legacy_unclassified,,,not_reviewed,
dl_f78f96cada67629b,legacy_manifest_only,,legacy_unclassified,,,not_reviewed,
dl_38d7388149171a6f,legacy_manifest_only,,legacy_unclassified,,,not_reviewed,
dl_1b05bc5053002b43,legacy_manifest_only,,legacy_unclassified,,,not_reviewed,
dl_6139cba2b5f19d18,legacy_manifest_only,,legacy_unclassified,,,not_reviewed,
dl_f8ae740778b6acd9,legacy_manifest_only,,legacy_unclassified,,,not_reviewed,
dl_6a7825eb3878c286,legacy_manifest_only,,legacy_unclassified,,,not_reviewed,
dl_735010653b75c61e,legacy_manifest_only,,legacy_unclassified,,,not_reviewed,
dl_d35f8b77c271aae5,legacy_manifest_only,,legacy_unclassified,,,not_reviewed,
dl_8890588fa5959173,legacy_manifest_only,,legacy_unclassified,,,not_reviewed,
dl_f589cc025b4610a9,legacy_manifest_only,,legacy_unclassified,,,not_reviewed,
dl_77b5c29882335a08,legacy_manifest_only,,legacy_unclassified,,,not_reviewed,
dl_aba4cf3f091a5b7d,legacy_manifest_only,,legacy_unclassified,,,not_reviewed,
dl_f55ea8eb836f020b,legacy_manifest_only,,legacy_unclassified,,,not_reviewed,
B03-b8dca186feb4,rendered_preview_visual_review,1;9;18,presentation,"Sampled pages were legible at slide scale; chart, table, and text rendering inspected. Review is provisional and limited to the listed pages.",No obvious clipping or render failure observed in the sampled pages; full-deck layout was not exhaustively reviewed.,reviewed_provisional,Codex visual review
B04-bf066a2d4aaa,rendered_preview_visual_review,1;14;27,presentation,"Sampled pages were legible at slide scale; chart, table, and text rendering inspected. Review is provisional and limited to the listed pages.",No obvious clipping or render failure observed in the sampled pages; full-deck layout was not exhaustively reviewed.,reviewed_provisional,Codex visual review
B05-512c85114655,rendered_preview_visual_review,1;4;7,presentation,"Sampled pages were legible at slide scale; chart, table, and text rendering inspected. Review is provisional and limited to the listed pages.",No obvious clipping or render failure observed in the sampled pages; full-deck layout was not exhaustively reviewed.,reviewed_provisional,Codex visual review
B06-a4bd50c62cd5,rendered_preview_visual_review,1;13;25,presentation,"Sampled pages were legible at slide scale; chart, table, and text rendering inspected. Review is provisional and limited to the listed pages.",No obvious clipping or render failure observed in the sampled pages; full-deck layout was not exhaustively reviewed.,reviewed_provisional,Codex visual review
B07-7f495f2d0a99,rendered_preview_visual_review,1;10;19,presentation,"Sampled pages were legible at slide scale; chart, table, and text rendering inspected. Review is provisional and limited to the listed pages.",No obvious clipping or render failure observed in the sampled pages; full-deck layout was not exhaustively reviewed.,reviewed_provisional,Codex visual review
B08-d8e800d3640b,rendered_preview_visual_review,1;13;26,presentation,"Sampled pages were legible at slide scale; chart, table, and text rendering inspected. Review is provisional and limited to the listed pages.",No obvious clipping or render failure observed in the sampled pages; full-deck layout was not exhaustively reviewed.,reviewed_provisional,Codex visual review
C05-30JUN-632b42ad1833,rendered_preview_visual_review,1;28;56,presentation,"Sampled pages were legible at slide scale; chart, table, and text rendering inspected. Review is provisional and limited to the listed pages.",No obvious clipping or render failure observed in the sampled pages; full-deck layout was not exhaustively reviewed.,reviewed_provisional,Codex visual review
C05-31DEC-31d3284c61d5,rendered_preview_visual_review,1;28;55,presentation,"Sampled pages were legible at slide scale; chart, table, and text rendering inspected. Review is provisional and limited to the listed pages.",No obvious clipping or render failure observed in the sampled pages; full-deck layout was not exhaustively reviewed.,reviewed_provisional,Codex visual review
C05-AVIATION-79d006f4c357,rendered_preview_visual_review,1;47;93,presentation,"Sampled pages were legible at slide scale; chart, table, and text rendering inspected. Review is provisional and limited to the listed pages.",No obvious clipping or render failure observed in the sampled pages; full-deck layout was not exhaustively reviewed.,reviewed_provisional,Codex visual review
C04-PFIZER-5b4c76f04c6d,rendered_preview_visual_review,1;5;9,presentation,"Sampled pages were legible at slide scale; chart, table, and text rendering inspected. Review is provisional and limited to the listed pages.",No obvious clipping or render failure observed in the sampled pages; full-deck layout was not exhaustively reviewed.,reviewed_provisional,Codex visual review
C04-HSE-7cbbb992884b,rendered_preview_visual_review,1;8;15,presentation,"Sampled pages were legible at slide scale; chart, table, and text rendering inspected. Review is provisional and limited to the listed pages.",No obvious clipping or render failure observed in the sampled pages; full-deck layout was not exhaustively reviewed.,reviewed_provisional,Codex visual review
C04-META-a34373ec1cbe,rendered_preview_visual_review,1;5;10,presentation,"Sampled pages were legible at slide scale; chart, table, and text rendering inspected. Review is provisional and limited to the listed pages.",No obvious clipping or render failure observed in the sampled pages; full-deck layout was not exhaustively reviewed.,reviewed_provisional,Codex visual review
C04-BAKKAVOR-e7b3eaff79c3,rendered_preview_visual_review,1;6;12,presentation,"Sampled pages were legible at slide scale; chart, table, and text rendering inspected. Review is provisional and limited to the listed pages.",No obvious clipping or render failure observed in the sampled pages; full-deck layout was not exhaustively reviewed.,reviewed_provisional,Codex visual review
C07-BCG-6234791eaa8e,rendered_preview_visual_review,1;12;24,presentation,"Sampled pages were legible at slide scale; chart, table, and text rendering inspected. Review is provisional and limited to the listed pages.",No obvious clipping or render failure observed in the sampled pages; full-deck layout was not exhaustively reviewed.,reviewed_provisional,Codex visual review
