collection_id,collection_url,accessed_at_utc,advertised_count,entries_discovered,pagination_complete,access_notes
slideworks_750,https://slideworks.io/resources/750-real-consulting-presentations-from-mckinsey-deloitte-ey-and-more,2026-10-02T19:53:39+00:00,750+,123,false,Page fetched; substantive linked entries parsed from list content. Paginated/lazy hidden entries not proven complete.
analyst_academy,https://www.theanalystacademy.com/consulting-presentations/,2026-10-02T19:53:42+00:00,600+,0,false,"Direct local fetch returned a Cloudflare .well-known/sgcaptcha redirect; no challenge was attempted and no entries could be exhaustively parsed. The public web reader exposed page content, but the local fetch was blocked."
slidescience_consulting,https://slidescience.co/consulting-presentations/,2026-10-02T19:53:46+00:00,500+; individual entries listed; bulk archive form-gated,0,false,No crawl performed because robots.txt was disallowed or could not be verified. The public web reader showed a first-name/email-gated bulk archive; no form was submitted.
slideworks_mckinsey,https://slideworks.io/resources/47-real-mckinsey-presentations,2026-10-02T19:53:46+00:00,160+,170,false,Page fetched; substantive linked entries parsed from list content. Paginated/lazy hidden entries not proven complete.
ampler_bcg,https://ampler.io/articles/bcg-slide-decks/,2026-10-02T19:53:47+00:00,60+,21,false,Page fetched; substantive linked entries parsed from list content. Paginated/lazy hidden entries not proven complete.
slidescience_mckinsey,https://slidescience.co/mckinsey-presentations/,2026-10-02T19:53:50+00:00,200+; bulk archive form-gated,0,false,No crawl performed because robots.txt was disallowed or could not be verified. The public web reader showed a first-name/email-gated bulk archive; no form was submitted.
slideworks_bcg,https://slideworks.io/resources/54-real-bcg-presentations,2026-10-02T19:53:50+00:00,105+; linked from the 750+ catalog,126,false,Page fetched; substantive linked entries parsed from list content. Paginated/lazy hidden entries not proven complete.
slideworks_bain,https://slideworks.io/resources/30-real-bain-presentations,2026-10-02T19:53:51+00:00,55+; linked from the 750+ catalog,54,false,Page fetched; substantive linked entries parsed from list content. Paginated/lazy hidden entries not proven complete.
ampler_bain,https://ampler.io/articles/40-free-bain-powerpoint-slide-decks/,2026-10-02T19:53:53+00:00,40+,5,false,Page fetched; substantive linked entries parsed from list content. Paginated/lazy hidden entries not proven complete.
ampler_mckinsey,https://ampler.io/articles/50-free-mckinsey-powerpoint-slide-decks/,2026-10-02T19:53:53+00:00,50+,31,false,Page fetched; substantive linked entries parsed from list content. Paginated/lazy hidden entries not proven complete.
makeslides_oliver_wyman,https://makeslides.com/blog/4-oliver-wyman-presentations-ready-to-download-for-free,2026-10-02T19:53:55+00:00,4,0,false,robots_disallowed or robots.txt unavailable; no crawl performed
