duplicate_entry_id,canonical_download_id,sha256,source_url
8da219cea6ff96c3,dl_a3329096a2480b27,a3329096a2480b27202220c655a9a76c496e07aedf640116d7f5d426c6f0207d,https://about.usps.com/future-postal-service/mckinsey-usps-future-bus-model2.pdf
85eaedeb77545afe,dl_9f83e2208d79a6c4,9f83e2208d79a6c4a1084f0a0373f165e1fa1303ab747bd741d84786c1cf1ff2,https://www.hhs.gov/sites/default/files/Azimi_McKinsey_Vaccine_Innovation_Findings-remediated.pdf
26cf11513fab44ab,dl_a63294fe2fb6bc8e,a63294fe2fb6bc8e8f0289685199ac3b3d6ce2392756def287f460fdaa2b922a,https://worldmaterialsforum.com/files/downloads/5-Rare_20Raw_20Material_20Issues.pdf
3ca327e196f1ab2b,dl_a153804684314f79,a153804684314f79825eb822af3bb839484943de4feb8bc127e053a23c2ac48f,https://www.bundesgesundheitsministerium.de/fileadmin/Dateien/3_Downloads/P/Patientensicherheit/WS3-2017/01_WS3_Henke_20170328_Using_AI_to_prevent_healthcare_errors_from_occuring.pdf
cd1c2d0a1a4e0882,dl_df3744c7748e5c92,df3744c7748e5c929a062279ff86ddaf9c3b1eeb0672f593b43e44b67c31fc71,https://piu.org.pl/public/upload/ibrowser/III%20Kongres%20prezentacje/2014.05.04%20Polish%20Insurance%20Association%20-%20final.pdf
1bab1bc849ecbcbc,dl_00071f1c024d002a,00071f1c024d002a9b05725a962ab08f7593db96778a17948665515013b2de64,https://worldmaterialsforum.com/files/Presentations2017/PlenarySession1/WMF2017-McKinsey-Franck-Bekeart.pdf
8c149c32e57db7e9,dl_ec2b099a3840f9df,ec2b099a3840f9dff37476bf71b6a12ee4c912b06b83cd02209771a33ca17930,https://www.cisco.com/assets/sol/dc/iot_and_big_data.pdf
a416c4a87acdfda4,dl_a0076e637f3f5d70,a0076e637f3f5d700e29ba7471a8bf8d70c39302058d7531c7dc66356ff92d28,https://www.mckinsey.com/~/media/mckinsey/business%20functions/mckinsey%20digital/our%20insights/the%20top%20trends%20in%20tech%202022/mckinsey-tech-trends-outlook-2022-full-report.pdf
52c4fe7554056550,dl_c6f334d4c34ba964,c6f334d4c34ba964540b7db1a76b2e54b111c95afd39392a8455a2efd006fec2,https://www.mckinsey.com/~/media/mckinsey/business%20functions/strategy%20and%20corporate%20finance/our%20insights/global%20economics%20intelligence%20executive%20summary%20april%202023/gei-global-summary-april-2023.pdf
8d02804227d1edb2,dl_df4a9e04f0e5f6e0,df4a9e04f0e5f6e04ce8b712ae6e9971d8a6cff31513258feaf40490e0563a5c,https://www.worldbank.org/content/dam/Worldbank/document/Extractives/Mining%20Indaba%202014/Reversing%20the%20Curse%20McKinsey%20presentation%20(Conflict%20and%20fragile%20states).pdf
2476ddc60aff8ccf,dl_37932959fdf7e03a,37932959fdf7e03ae8cfe1c5138b1ea784a54a6ff2895a845e857f0677dc3a82,https://icrier.org/pdf/mgi_poverty_v2.pdf
c056b77cb35b5306,dl_11bb688d833fb2f6,11bb688d833fb2f668b8bec7ed3cdfccc03872dd850ad5d4d1ab331ac912fc13,https://www.un.org/esa/ffd/wp-content/uploads/2014/11/gc-Presentation_Manyika_10Nov14.pdf
ec4f0f72a2ae9f8d,dl_337f0a9a047e7cb2,337f0a9a047e7cb2b19f6997f74126e465feec75916d0c73a43bef63db580184,http://static2.snowfire.io/accounts/14796/files/219.pdf?t=o4z026
94c7aca0d88a2a27,dl_b9e4aa74e06ec2fb,b9e4aa74e06ec2fb335bc17fbebc35f3a4bd39053f703d5e2af29e740b959a60,https://www.hewlett.org/wp-content/uploads/2016/08/The%20Open%20Educational%20Resources%20Ecosystem.pdf
eb5b55203190c7ca,dl_6a820bcf7a2c4810,6a820bcf7a2c481007ed7b3f88bc4e4e07bdacb5520c7a9e19e673f7ecb1ca3f,https://www.nyc.gov/assets/nycha/downloads/pdf/BCG-report-NYCHA-Key-Findings-and-Recommendations-8-15-12vFinal.pdf
1065374ff72c7be1,dl_41c49c3447565978,41c49c3447565978ef32ea1f3532cad2160d10491b895b61785bf481c1459321,https://www.nyc.gov/html/film/downloads/pdf/Media_in_NYC_2012.pdf
c412df02af0f5fe3,dl_14a02c7150ab2533,14a02c7150ab253363f70e8cef15f690b6eb652c3d8c01efba3c3e7fc8b52c36,http://www.forskasverige.se/wp-content/uploads/Value-Based-Health-Care.pdf
67c6f5ca2e10d6c4,dl_155e8c2451750595,155e8c2451750595115bf0893aa9692ec0986f4b414899aac6a5de7136b09d25,https://www.zdruzenje-manager.si/assets/Uploads/PPT-Jim-Hemerling.pptx
9f2800c62e10e3a5,dl_4b2948011bc6961e,4b2948011bc6961ec6f2cb679923fb7fc6c07f19e7cb4b397e570d97f4100d34,https://www.ipsos.com/sites/default/files/ct/news/documents/2019-09/bcg_theendofmanagement.pdf
63243fa8202179ba,dl_82416a0d09db1731,82416a0d09db1731b29391ee5a2f5c2d4417d085b2f7f74cb0fc0665b896e20f,https://news.syr.edu/wp-content/uploads/2017/04/Innovation-and-Opportunities-Assessment-Report-April-2014.pdf
ea72a4aa21da1716,dl_987da9a10c05c794,987da9a10c05c79437422e45389ffa0f43366aabd64f99d0deb837ca0e80585d,https://www.bain.com/globalassets/about/2023-global-pe-report---roadshow-deck.pdf
28d30ddc2fd2184a,dl_38d7388149171a6f,38d7388149171a6f009ec0035d95938c1409cf946a8a14f34c2f648289a7f654,https://amcham.dk/wp-content/uploads/2021/04/20200412-Resilience-AmCham-presentation-vSHARED.pdf
60cd1e1e0ebaf249,dl_f78f96cada67629b,f78f96cada67629b30ccccd7e29564dcc8cd02b4abbfcad80bf1d4953df048a1,https://media.bain.com/Images/2011%20Bain%20China%20Luxury%20Market%20Study.pdf
5fe1ee36860696c1,dl_1b05bc5053002b43,1b05bc5053002b43ddef08fc780df6bfc49009933549b813aafa8762e5bacab1,https://chicago.iabc.com/wp-content/uploads/2019/10/Bain-Presentation-Deck.pdf
43ddb61de3e9cc84,dl_a3329096a2480b27,a3329096a2480b27202220c655a9a76c496e07aedf640116d7f5d426c6f0207d,https://about.usps.com/future-postal-service/mckinsey-usps-future-bus-model2.pdf
